Paternal genotype,WY,WY,WY,WY,WY,WY,BY,BY,BY,BY,BY,BY,WX,WX,WX,WX,WX,WX,BX,BX,BX,BX,BX,BX
"WWW,WWW",r1*r2/2 + r1*(1 - r2)/2 + r2*(1 - r1)/2 + (1 - r1)*(1 - r2)/2,0,0,0,0,0,0,0,0,0,0,0,r1*r2/2 + r1*(1 - r2)/2 + r2*(1 - r1)/2 + (1 - r1)*(1 - r2)/2,0,0,0,0,0,0,0,0,0,0,0
"WWW,WWT",r1*r2/4 + r1*(1 - r2)/4 + r2*(1 - r1)/4 + (1 - r1)*(1 - r2)/4,r1*r2/4 + r1*(1 - r2)/4 + r2*(1 - r1)/4 + (1 - r1)*(1 - r2)/4,0,0,0,0,0,0,0,0,0,0,r1*r2/4 + r1*(1 - r2)/4 + r2*(1 - r1)/4 + (1 - r1)*(1 - r2)/4,r1*r2/4 + r1*(1 - r2)/4 + r2*(1 - r1)/4 + (1 - r1)*(1 - r2)/4,0,0,0,0,0,0,0,0,0,0
"WWW,WGW",(1 - c)*(r1*r2/2 + r1*(1 - r2)/2 + r2*(1 - r1)/2 + (1 - r1)*(1 - r2)/2)/2,0,c*(r1*r2/2 + r1*(1 - r2)/2 + r2*(1 - r1)/2 + (1 - r1)*(1 - r2)/2)/2 + (1 - c)*(r1*r2/2 + r1*(1 - r2)/2 + r2*(1 - r1)/2 + (1 - r1)*(1 - r2)/2)/2,0,c*(r1*r2/2 + r1*(1 - r2)/2 + r2*(1 - r1)/2 + (1 - r1)*(1 - r2)/2)/2,0,0,0,0,0,0,0,(1 - c)*(r1*r2/2 + r1*(1 - r2)/2 + r2*(1 - r1)/2 + (1 - r1)*(1 - r2)/2)/2,0,c*(r1*r2/2 + r1*(1 - r2)/2 + r2*(1 - r1)/2 + (1 - r1)*(1 - r2)/2)/2 + (1 - c)*(r1*r2/2 + r1*(1 - r2)/2 + r2*(1 - r1)/2 + (1 - r1)*(1 - r2)/2)/2,0,c*(r1*r2/2 + r1*(1 - r2)/2 + r2*(1 - r1)/2 + (1 - r1)*(1 - r2)/2)/2,0,0,0,0,0,0,0
"WWW,WGT",(1 - c)*(r1*(1 - r2)/2 + (1 - r1)*(1 - r2)/2)/2,(1 - c)*(r1*r2/2 + r2*(1 - r1)/2)/2,c*(r1*r2/2 + r2*(1 - r1)/2)/2 + (1 - c)*(r1*r2/2 + r2*(1 - r1)/2)/2,c*(r1*(1 - r2)/2 + (1 - r1)*(1 - r2)/2)/2 + (1 - c)*(r1*(1 - r2)/2 + (1 - r1)*(1 - r2)/2)/2,c*(r1*(1 - r2)/2 + (1 - r1)*(1 - r2)/2)/2,c*(r1*r2/2 + r2*(1 - r1)/2)/2,0,0,0,0,0,0,(1 - c)*(r1*(1 - r2)/2 + (1 - r1)*(1 - r2)/2)/2,(1 - c)*(r1*r2/2 + r2*(1 - r1)/2)/2,c*(r1*r2/2 + r2*(1 - r1)/2)/2 + (1 - c)*(r1*r2/2 + r2*(1 - r1)/2)/2,c*(r1*(1 - r2)/2 + (1 - r1)*(1 - r2)/2)/2 + (1 - c)*(r1*(1 - r2)/2 + (1 - r1)*(1 - r2)/2)/2,c*(r1*(1 - r2)/2 + (1 - r1)*(1 - r2)/2)/2,c*(r1*r2/2 + r2*(1 - r1)/2)/2,0,0,0,0,0,0
"WWW,WRW",r1*r2/4 + r1*(1 - r2)/4 + r2*(1 - r1)/4 + (1 - r1)*(1 - r2)/4,0,0,0,r1*r2/4 + r1*(1 - r2)/4 + r2*(1 - r1)/4 + (1 - r1)*(1 - r2)/4,0,0,0,0,0,0,0,r1*r2/4 + r1*(1 - r2)/4 + r2*(1 - r1)/4 + (1 - r1)*(1 - r2)/4,0,0,0,r1*r2/4 + r1*(1 - r2)/4 + r2*(1 - r1)/4 + (1 - r1)*(1 - r2)/4,0,0,0,0,0,0,0
"WWW,WRT",r1*(1 - r2)/4 + (1 - r1)*(1 - r2)/4,r1*r2/4 + r2*(1 - r1)/4,0,0,r1*r2/4 + r2*(1 - r1)/4,r1*(1 - r2)/4 + (1 - r1)*(1 - r2)/4,0,0,0,0,0,0,r1*(1 - r2)/4 + (1 - r1)*(1 - r2)/4,r1*r2/4 + r2*(1 - r1)/4,0,0,r1*r2/4 + r2*(1 - r1)/4,r1*(1 - r2)/4 + (1 - r1)*(1 - r2)/4,0,0,0,0,0,0
"WWW,BWW",r1*r2/4 + r1*(1 - r2)/4 + r2*(1 - r1)/4 + (1 - r1)*(1 - r2)/4,0,0,0,0,0,r1*r2/4 + r1*(1 - r2)/4 + r2*(1 - r1)/4 + (1 - r1)*(1 - r2)/4,0,0,0,0,0,r1*r2/4 + r1*(1 - r2)/4 + r2*(1 - r1)/4 + (1 - r1)*(1 - r2)/4,0,0,0,0,0,r1*r2/4 + r1*(1 - r2)/4 + r2*(1 - r1)/4 + (1 - r1)*(1 - r2)/4,0,0,0,0,0
"WWW,BWT",r1*r2/4 + (1 - r1)*(1 - r2)/4,r1*(1 - r2)/4 + r2*(1 - r1)/4,0,0,0,0,r1*(1 - r2)/4 + r2*(1 - r1)/4,r1*r2/4 + (1 - r1)*(1 - r2)/4,0,0,0,0,r1*r2/4 + (1 - r1)*(1 - r2)/4,r1*(1 - r2)/4 + r2*(1 - r1)/4,0,0,0,0,r1*(1 - r2)/4 + r2*(1 - r1)/4,r1*r2/4 + (1 - r1)*(1 - r2)/4,0,0,0,0
"WWW,BGW",cT*r2*(1 - c)*(1 - cT)*(1 - r1)/4 + cT*(1 - c)*(1 - cT)*(1 - r1)*(1 - r2)/4 + (1 - c)*(1 - cT)^2*(r2*(1 - r1)/2 + (1 - r1)*(1 - r2)/2)/2,cT^2*(1 - c)*(r2*(1 - r1)/2 + (1 - r1)*(1 - r2)/2)/2 + cT*r2*(1 - c)*(1 - cT)*(1 - r1)/4 + cT*(1 - c)*(1 - cT)*(1 - r1)*(1 - r2)/4,c*cT*r1*r2*(1 - cT)/4 + c*cT*r1*(1 - cT)*(1 - r2)/4 + c*(1 - cT)^2*(r1*r2/2 + r1*(1 - r2)/2)/2 + cT*r1*r2*(1 - c)*(1 - cT)/4 + cT*r1*(1 - c)*(1 - cT)*(1 - r2)/4 + (1 - c)*(1 - cT)^2*(r1*r2/2 + r1*(1 - r2)/2)/2,c*cT^2*(r1*r2/2 + r1*(1 - r2)/2)/2 + c*cT*r1*r2*(1 - cT)/4 + c*cT*r1*(1 - cT)*(1 - r2)/4 + cT^2*(1 - c)*(r1*r2/2 + r1*(1 - r2)/2)/2 + cT*r1*r2*(1 - c)*(1 - cT)/4 + cT*r1*(1 - c)*(1 - cT)*(1 - r2)/4,c*cT*r2*(1 - cT)*(1 - r1)/4 + c*cT*(1 - cT)*(1 - r1)*(1 - r2)/4 + c*(1 - cT)^2*(r2*(1 - r1)/2 + (1 - r1)*(1 - r2)/2)/2,c*cT^2*(r2*(1 - r1)/2 + (1 - r1)*(1 - r2)/2)/2 + c*cT*r2*(1 - cT)*(1 - r1)/4 + c*cT*(1 - cT)*(1 - r1)*(1 - r2)/4,cT*r1*r2*(1 - c)*(1 - cT)/4 + cT*r1*(1 - c)*(1 - cT)*(1 - r2)/4 + (1 - c)*(1 - cT)^2*(r1*r2/2 + r1*(1 - r2)/2)/2,cT^2*(1 - c)*(r1*r2/2 + r1*(1 - r2)/2)/2 + cT*r1*r2*(1 - c)*(1 - cT)/4 + cT*r1*(1 - c)*(1 - cT)*(1 - r2)/4,c*cT*r2*(1 - cT)*(1 - r1)/4 + c*cT*(1 - cT)*(1 - r1)*(1 - r2)/4 + c*(1 - cT)^2*(r2*(1 - r1)/2 + (1 - r1)*(1 - r2)/2)/2 + cT*r2*(1 - c)*(1 - cT)*(1 - r1)/4 + cT*(1 - c)*(1 - cT)*(1 - r1)*(1 - r2)/4 + (1 - c)*(1 - cT)^2*(r2*(1 - r1)/2 + (1 - r1)*(1 - r2)/2)/2,c*cT^2*(r2*(1 - r1)/2 + (1 - r1)*(1 - r2)/2)/2 + c*cT*r2*(1 - cT)*(1 - r1)/4 + c*cT*(1 - cT)*(1 - r1)*(1 - r2)/4 + cT^2*(1 - c)*(r2*(1 - r1)/2 + (1 - r1)*(1 - r2)/2)/2 + cT*r2*(1 - c)*(1 - cT)*(1 - r1)/4 + cT*(1 - c)*(1 - cT)*(1 - r1)*(1 - r2)/4,c*cT*r1*r2*(1 - cT)/4 + c*cT*r1*(1 - cT)*(1 - r2)/4 + c*(1 - cT)^2*(r1*r2/2 + r1*(1 - r2)/2)/2,c*cT^2*(r1*r2/2 + r1*(1 - r2)/2)/2 + c*cT*r1*r2*(1 - cT)/4 + c*cT*r1*(1 - cT)*(1 - r2)/4,cT*r2*(1 - c)*(1 - cT)*(1 - r1)/4 + cT*(1 - c)*(1 - cT)*(1 - r1)*(1 - r2)/4 + (1 - c)*(1 - cT)^2*(r2*(1 - r1)/2 + (1 - r1)*(1 - r2)/2)/2,cT^2*(1 - c)*(r2*(1 - r1)/2 + (1 - r1)*(1 - r2)/2)/2 + cT*r2*(1 - c)*(1 - cT)*(1 - r1)/4 + cT*(1 - c)*(1 - cT)*(1 - r1)*(1 - r2)/4,c*cT*r1*r2*(1 - cT)/4 + c*cT*r1*(1 - cT)*(1 - r2)/4 + c*(1 - cT)^2*(r1*r2/2 + r1*(1 - r2)/2)/2 + cT*r1*r2*(1 - c)*(1 - cT)/4 + cT*r1*(1 - c)*(1 - cT)*(1 - r2)/4 + (1 - c)*(1 - cT)^2*(r1*r2/2 + r1*(1 - r2)/2)/2,c*cT^2*(r1*r2/2 + r1*(1 - r2)/2)/2 + c*cT*r1*r2*(1 - cT)/4 + c*cT*r1*(1 - cT)*(1 - r2)/4 + cT^2*(1 - c)*(r1*r2/2 + r1*(1 - r2)/2)/2 + cT*r1*r2*(1 - c)*(1 - cT)/4 + cT*r1*(1 - c)*(1 - cT)*(1 - r2)/4,c*cT*r2*(1 - cT)*(1 - r1)/4 + c*cT*(1 - cT)*(1 - r1)*(1 - r2)/4 + c*(1 - cT)^2*(r2*(1 - r1)/2 + (1 - r1)*(1 - r2)/2)/2,c*cT^2*(r2*(1 - r1)/2 + (1 - r1)*(1 - r2)/2)/2 + c*cT*r2*(1 - cT)*(1 - r1)/4 + c*cT*(1 - cT)*(1 - r1)*(1 - r2)/4,cT*r1*r2*(1 - c)*(1 - cT)/4 + cT*r1*(1 - c)*(1 - cT)*(1 - r2)/4 + (1 - c)*(1 - cT)^2*(r1*r2/2 + r1*(1 - r2)/2)/2,cT^2*(1 - c)*(r1*r2/2 + r1*(1 - r2)/2)/2 + cT*r1*r2*(1 - c)*(1 - cT)/4 + cT*r1*(1 - c)*(1 - cT)*(1 - r2)/4,c*cT*r2*(1 - cT)*(1 - r1)/4 + c*cT*(1 - cT)*(1 - r1)*(1 - r2)/4 + c*(1 - cT)^2*(r2*(1 - r1)/2 + (1 - r1)*(1 - r2)/2)/2 + cT*r2*(1 - c)*(1 - cT)*(1 - r1)/4 + cT*(1 - c)*(1 - cT)*(1 - r1)*(1 - r2)/4 + (1 - c)*(1 - cT)^2*(r2*(1 - r1)/2 + (1 - r1)*(1 - r2)/2)/2,c*cT^2*(r2*(1 - r1)/2 + (1 - r1)*(1 - r2)/2)/2 + c*cT*r2*(1 - cT)*(1 - r1)/4 + c*cT*(1 - cT)*(1 - r1)*(1 - r2)/4 + cT^2*(1 - c)*(r2*(1 - r1)/2 + (1 - r1)*(1 - r2)/2)/2 + cT*r2*(1 - c)*(1 - cT)*(1 - r1)/4 + cT*(1 - c)*(1 - cT)*(1 - r1)*(1 - r2)/4,c*cT*r1*r2*(1 - cT)/4 + c*cT*r1*(1 - cT)*(1 - r2)/4 + c*(1 - cT)^2*(r1*r2/2 + r1*(1 - r2)/2)/2,c*cT^2*(r1*r2/2 + r1*(1 - r2)/2)/2 + c*cT*r1*r2*(1 - cT)/4 + c*cT*r1*(1 - cT)*(1 - r2)/4
"WWW,BGT",(1 - c)*(1 - cT)*(1 - r1)*(1 - r2)/4,cT*(1 - c)*(r2*(1 - r1)/2 + (1 - r1)*(1 - r2)/2)/2 + r2*(1 - c)*(1 - cT)*(1 - r1)/4,c*r1*r2*(1 - cT)/4 + r1*r2*(1 - c)*(1 - cT)/4,c*cT*(r1*r2/2 + r1*(1 - r2)/2)/2 + c*r1*(1 - cT)*(1 - r2)/4 + cT*(1 - c)*(r1*r2/2 + r1*(1 - r2)/2)/2 + r1*(1 - c)*(1 - cT)*(1 - r2)/4,c*(1 - cT)*(1 - r1)*(1 - r2)/4,c*cT*(r2*(1 - r1)/2 + (1 - r1)*(1 - r2)/2)/2 + c*r2*(1 - cT)*(1 - r1)/4,r1*(1 - c)*(1 - cT)*(1 - r2)/4,cT*(1 - c)*(r1*r2/2 + r1*(1 - r2)/2)/2 + r1*r2*(1 - c)*(1 - cT)/4,c*r2*(1 - cT)*(1 - r1)/4 + r2*(1 - c)*(1 - cT)*(1 - r1)/4,c*cT*(r2*(1 - r1)/2 + (1 - r1)*(1 - r2)/2)/2 + c*(1 - cT)*(1 - r1)*(1 - r2)/4 + cT*(1 - c)*(r2*(1 - r1)/2 + (1 - r1)*(1 - r2)/2)/2 + (1 - c)*(1 - cT)*(1 - r1)*(1 - r2)/4,c*r1*(1 - cT)*(1 - r2)/4,c*cT*(r1*r2/2 + r1*(1 - r2)/2)/2 + c*r1*r2*(1 - cT)/4,(1 - c)*(1 - cT)*(1 - r1)*(1 - r2)/4,cT*(1 - c)*(r2*(1 - r1)/2 + (1 - r1)*(1 - r2)/2)/2 + r2*(1 - c)*(1 - cT)*(1 - r1)/4,c*r1*r2*(1 - cT)/4 + r1*r2*(1 - c)*(1 - cT)/4,c*cT*(r1*r2/2 + r1*(1 - r2)/2)/2 + c*r1*(1 - cT)*(1 - r2)/4 + cT*(1 - c)*(r1*r2/2 + r1*(1 - r2)/2)/2 + r1*(1 - c)*(1 - cT)*(1 - r2)/4,c*(1 - cT)*(1 - r1)*(1 - r2)/4,c*cT*(r2*(1 - r1)/2 + (1 - r1)*(1 - r2)/2)/2 + c*r2*(1 - cT)*(1 - r1)/4,r1*(1 - c)*(1 - cT)*(1 - r2)/4,cT*(1 - c)*(r1*r2/2 + r1*(1 - r2)/2)/2 + r1*r2*(1 - c)*(1 - cT)/4,c*r2*(1 - cT)*(1 - r1)/4 + r2*(1 - c)*(1 - cT)*(1 - r1)/4,c*cT*(r2*(1 - r1)/2 + (1 - r1)*(1 - r2)/2)/2 + c*(1 - cT)*(1 - r1)*(1 - r2)/4 + cT*(1 - c)*(r2*(1 - r1)/2 + (1 - r1)*(1 - r2)/2)/2 + (1 - c)*(1 - cT)*(1 - r1)*(1 - r2)/4,c*r1*(1 - cT)*(1 - r2)/4,c*cT*(r1*r2/2 + r1*(1 - r2)/2)/2 + c*r1*r2*(1 - cT)/4
"WWW,BRW",r2*(1 - r1)/4 + (1 - r1)*(1 - r2)/4,0,0,0,r1*r2/4 + r1*(1 - r2)/4,0,r1*r2/4 + r1*(1 - r2)/4,0,0,0,r2*(1 - r1)/4 + (1 - r1)*(1 - r2)/4,0,r2*(1 - r1)/4 + (1 - r1)*(1 - r2)/4,0,0,0,r1*r2/4 + r1*(1 - r2)/4,0,r1*r2/4 + r1*(1 - r2)/4,0,0,0,r2*(1 - r1)/4 + (1 - r1)*(1 - r2)/4,0
"WWW,BRT",(1 - r1)*(1 - r2)/4,r2*(1 - r1)/4,0,0,r1*r2/4,r1*(1 - r2)/4,r1*(1 - r2)/4,r1*r2/4,0,0,r2*(1 - r1)/4,(1 - r1)*(1 - r2)/4,(1 - r1)*(1 - r2)/4,r2*(1 - r1)/4,0,0,r1*r2/4,r1*(1 - r2)/4,r1*(1 - r2)/4,r1*r2/4,0,0,r2*(1 - r1)/4,(1 - r1)*(1 - r2)/4
"WWT,WWT",0,r1*r2/2 + r1*(1 - r2)/2 + r2*(1 - r1)/2 + (1 - r1)*(1 - r2)/2,0,0,0,0,0,0,0,0,0,0,0,r1*r2/2 + r1*(1 - r2)/2 + r2*(1 - r1)/2 + (1 - r1)*(1 - r2)/2,0,0,0,0,0,0,0,0,0,0
"WWT,WGW",(1 - c)*(r1*r2/2 + r2*(1 - r1)/2)/2,(1 - c)*(r1*(1 - r2)/2 + (1 - r1)*(1 - r2)/2)/2,c*(r1*(1 - r2)/2 + (1 - r1)*(1 - r2)/2)/2 + (1 - c)*(r1*(1 - r2)/2 + (1 - r1)*(1 - r2)/2)/2,c*(r1*r2/2 + r2*(1 - r1)/2)/2 + (1 - c)*(r1*r2/2 + r2*(1 - r1)/2)/2,c*(r1*r2/2 + r2*(1 - r1)/2)/2,c*(r1*(1 - r2)/2 + (1 - r1)*(1 - r2)/2)/2,0,0,0,0,0,0,(1 - c)*(r1*r2/2 + r2*(1 - r1)/2)/2,(1 - c)*(r1*(1 - r2)/2 + (1 - r1)*(1 - r2)/2)/2,c*(r1*(1 - r2)/2 + (1 - r1)*(1 - r2)/2)/2 + (1 - c)*(r1*(1 - r2)/2 + (1 - r1)*(1 - r2)/2)/2,c*(r1*r2/2 + r2*(1 - r1)/2)/2 + (1 - c)*(r1*r2/2 + r2*(1 - r1)/2)/2,c*(r1*r2/2 + r2*(1 - r1)/2)/2,c*(r1*(1 - r2)/2 + (1 - r1)*(1 - r2)/2)/2,0,0,0,0,0,0
"WWT,WGT",0,(1 - c)*(r1*r2/2 + r1*(1 - r2)/2 + r2*(1 - r1)/2 + (1 - r1)*(1 - r2)/2)/2,0,c*(r1*r2/2 + r1*(1 - r2)/2 + r2*(1 - r1)/2 + (1 - r1)*(1 - r2)/2)/2 + (1 - c)*(r1*r2/2 + r1*(1 - r2)/2 + r2*(1 - r1)/2 + (1 - r1)*(1 - r2)/2)/2,0,c*(r1*r2/2 + r1*(1 - r2)/2 + r2*(1 - r1)/2 + (1 - r1)*(1 - r2)/2)/2,0,0,0,0,0,0,0,(1 - c)*(r1*r2/2 + r1*(1 - r2)/2 + r2*(1 - r1)/2 + (1 - r1)*(1 - r2)/2)/2,0,c*(r1*r2/2 + r1*(1 - r2)/2 + r2*(1 - r1)/2 + (1 - r1)*(1 - r2)/2)/2 + (1 - c)*(r1*r2/2 + r1*(1 - r2)/2 + r2*(1 - r1)/2 + (1 - r1)*(1 - r2)/2)/2,0,c*(r1*r2/2 + r1*(1 - r2)/2 + r2*(1 - r1)/2 + (1 - r1)*(1 - r2)/2)/2,0,0,0,0,0,0
"WWT,WRW",r1*r2/4 + r2*(1 - r1)/4,r1*(1 - r2)/4 + (1 - r1)*(1 - r2)/4,0,0,r1*(1 - r2)/4 + (1 - r1)*(1 - r2)/4,r1*r2/4 + r2*(1 - r1)/4,0,0,0,0,0,0,r1*r2/4 + r2*(1 - r1)/4,r1*(1 - r2)/4 + (1 - r1)*(1 - r2)/4,0,0,r1*(1 - r2)/4 + (1 - r1)*(1 - r2)/4,r1*r2/4 + r2*(1 - r1)/4,0,0,0,0,0,0
"WWT,WRT",0,r1*r2/4 + r1*(1 - r2)/4 + r2*(1 - r1)/4 + (1 - r1)*(1 - r2)/4,0,0,0,r1*r2/4 + r1*(1 - r2)/4 + r2*(1 - r1)/4 + (1 - r1)*(1 - r2)/4,0,0,0,0,0,0,0,r1*r2/4 + r1*(1 - r2)/4 + r2*(1 - r1)/4 + (1 - r1)*(1 - r2)/4,0,0,0,r1*r2/4 + r1*(1 - r2)/4 + r2*(1 - r1)/4 + (1 - r1)*(1 - r2)/4,0,0,0,0,0,0
"WWT,BWW",r1*(1 - r2)/4 + r2*(1 - r1)/4,r1*r2/4 + (1 - r1)*(1 - r2)/4,0,0,0,0,r1*r2/4 + (1 - r1)*(1 - r2)/4,r1*(1 - r2)/4 + r2*(1 - r1)/4,0,0,0,0,r1*(1 - r2)/4 + r2*(1 - r1)/4,r1*r2/4 + (1 - r1)*(1 - r2)/4,0,0,0,0,r1*r2/4 + (1 - r1)*(1 - r2)/4,r1*(1 - r2)/4 + r2*(1 - r1)/4,0,0,0,0
"WWT,BWT",0,r1*r2/4 + r1*(1 - r2)/4 + r2*(1 - r1)/4 + (1 - r1)*(1 - r2)/4,0,0,0,0,0,r1*r2/4 + r1*(1 - r2)/4 + r2*(1 - r1)/4 + (1 - r1)*(1 - r2)/4,0,0,0,0,0,r1*r2/4 + r1*(1 - r2)/4 + r2*(1 - r1)/4 + (1 - r1)*(1 - r2)/4,0,0,0,0,0,r1*r2/4 + r1*(1 - r2)/4 + r2*(1 - r1)/4 + (1 - r1)*(1 - r2)/4,0,0,0,0
"WWT,BGW",r2*(1 - c)*(1 - cT)*(1 - r1)/4,cT*(1 - c)*(r2*(1 - r1)/2 + (1 - r1)*(1 - r2)/2)/2 + (1 - c)*(1 - cT)*(1 - r1)*(1 - r2)/4,c*r1*(1 - cT)*(1 - r2)/4 + r1*(1 - c)*(1 - cT)*(1 - r2)/4,c*cT*(r1*r2/2 + r1*(1 - r2)/2)/2 + c*r1*r2*(1 - cT)/4 + cT*(1 - c)*(r1*r2/2 + r1*(1 - r2)/2)/2 + r1*r2*(1 - c)*(1 - cT)/4,c*r2*(1 - cT)*(1 - r1)/4,c*cT*(r2*(1 - r1)/2 + (1 - r1)*(1 - r2)/2)/2 + c*(1 - cT)*(1 - r1)*(1 - r2)/4,r1*r2*(1 - c)*(1 - cT)/4,cT*(1 - c)*(r1*r2/2 + r1*(1 - r2)/2)/2 + r1*(1 - c)*(1 - cT)*(1 - r2)/4,c*(1 - cT)*(1 - r1)*(1 - r2)/4 + (1 - c)*(1 - cT)*(1 - r1)*(1 - r2)/4,c*cT*(r2*(1 - r1)/2 + (1 - r1)*(1 - r2)/2)/2 + c*r2*(1 - cT)*(1 - r1)/4 + cT*(1 - c)*(r2*(1 - r1)/2 + (1 - r1)*(1 - r2)/2)/2 + r2*(1 - c)*(1 - cT)*(1 - r1)/4,c*r1*r2*(1 - cT)/4,c*cT*(r1*r2/2 + r1*(1 - r2)/2)/2 + c*r1*(1 - cT)*(1 - r2)/4,r2*(1 - c)*(1 - cT)*(1 - r1)/4,cT*(1 - c)*(r2*(1 - r1)/2 + (1 - r1)*(1 - r2)/2)/2 + (1 - c)*(1 - cT)*(1 - r1)*(1 - r2)/4,c*r1*(1 - cT)*(1 - r2)/4 + r1*(1 - c)*(1 - cT)*(1 - r2)/4,c*cT*(r1*r2/2 + r1*(1 - r2)/2)/2 + c*r1*r2*(1 - cT)/4 + cT*(1 - c)*(r1*r2/2 + r1*(1 - r2)/2)/2 + r1*r2*(1 - c)*(1 - cT)/4,c*r2*(1 - cT)*(1 - r1)/4,c*cT*(r2*(1 - r1)/2 + (1 - r1)*(1 - r2)/2)/2 + c*(1 - cT)*(1 - r1)*(1 - r2)/4,r1*r2*(1 - c)*(1 - cT)/4,cT*(1 - c)*(r1*r2/2 + r1*(1 - r2)/2)/2 + r1*(1 - c)*(1 - cT)*(1 - r2)/4,c*(1 - cT)*(1 - r1)*(1 - r2)/4 + (1 - c)*(1 - cT)*(1 - r1)*(1 - r2)/4,c*cT*(r2*(1 - r1)/2 + (1 - r1)*(1 - r2)/2)/2 + c*r2*(1 - cT)*(1 - r1)/4 + cT*(1 - c)*(r2*(1 - r1)/2 + (1 - r1)*(1 - r2)/2)/2 + r2*(1 - c)*(1 - cT)*(1 - r1)/4,c*r1*r2*(1 - cT)/4,c*cT*(r1*r2/2 + r1*(1 - r2)/2)/2 + c*r1*(1 - cT)*(1 - r2)/4
"WWT,BGT",0,(1 - c)*(r2*(1 - r1)/2 + (1 - r1)*(1 - r2)/2)/2,0,c*(r1*r2/2 + r1*(1 - r2)/2)/2 + (1 - c)*(r1*r2/2 + r1*(1 - r2)/2)/2,0,c*(r2*(1 - r1)/2 + (1 - r1)*(1 - r2)/2)/2,0,(1 - c)*(r1*r2/2 + r1*(1 - r2)/2)/2,0,c*(r2*(1 - r1)/2 + (1 - r1)*(1 - r2)/2)/2 + (1 - c)*(r2*(1 - r1)/2 + (1 - r1)*(1 - r2)/2)/2,0,c*(r1*r2/2 + r1*(1 - r2)/2)/2,0,(1 - c)*(r2*(1 - r1)/2 + (1 - r1)*(1 - r2)/2)/2,0,c*(r1*r2/2 + r1*(1 - r2)/2)/2 + (1 - c)*(r1*r2/2 + r1*(1 - r2)/2)/2,0,c*(r2*(1 - r1)/2 + (1 - r1)*(1 - r2)/2)/2,0,(1 - c)*(r1*r2/2 + r1*(1 - r2)/2)/2,0,c*(r2*(1 - r1)/2 + (1 - r1)*(1 - r2)/2)/2 + (1 - c)*(r2*(1 - r1)/2 + (1 - r1)*(1 - r2)/2)/2,0,c*(r1*r2/2 + r1*(1 - r2)/2)/2
"WWT,BRW",r2*(1 - r1)/4,(1 - r1)*(1 - r2)/4,0,0,r1*(1 - r2)/4,r1*r2/4,r1*r2/4,r1*(1 - r2)/4,0,0,(1 - r1)*(1 - r2)/4,r2*(1 - r1)/4,r2*(1 - r1)/4,(1 - r1)*(1 - r2)/4,0,0,r1*(1 - r2)/4,r1*r2/4,r1*r2/4,r1*(1 - r2)/4,0,0,(1 - r1)*(1 - r2)/4,r2*(1 - r1)/4
"WWT,BRT",0,r2*(1 - r1)/4 + (1 - r1)*(1 - r2)/4,0,0,0,r1*r2/4 + r1*(1 - r2)/4,0,r1*r2/4 + r1*(1 - r2)/4,0,0,0,r2*(1 - r1)/4 + (1 - r1)*(1 - r2)/4,0,r2*(1 - r1)/4 + (1 - r1)*(1 - r2)/4,0,0,0,r1*r2/4 + r1*(1 - r2)/4,0,r1*r2/4 + r1*(1 - r2)/4,0,0,0,r2*(1 - r1)/4 + (1 - r1)*(1 - r2)/4
"WGW,WGW",0,0,r1*r2/2 + r1*(1 - r2)/2 + r2*(1 - r1)/2 + (1 - r1)*(1 - r2)/2,0,0,0,0,0,0,0,0,0,0,0,r1*r2/2 + r1*(1 - r2)/2 + r2*(1 - r1)/2 + (1 - r1)*(1 - r2)/2,0,0,0,0,0,0,0,0,0
"WGW,WGT",0,0,r1*r2/4 + r1*(1 - r2)/4 + r2*(1 - r1)/4 + (1 - r1)*(1 - r2)/4,r1*r2/4 + r1*(1 - r2)/4 + r2*(1 - r1)/4 + (1 - r1)*(1 - r2)/4,0,0,0,0,0,0,0,0,0,0,r1*r2/4 + r1*(1 - r2)/4 + r2*(1 - r1)/4 + (1 - r1)*(1 - r2)/4,r1*r2/4 + r1*(1 - r2)/4 + r2*(1 - r1)/4 + (1 - r1)*(1 - r2)/4,0,0,0,0,0,0,0,0
"WGW,WRW",0,0,r1*r2/4 + r1*(1 - r2)/4 + r2*(1 - r1)/4 + (1 - r1)*(1 - r2)/4,0,r1*r2/4 + r1*(1 - r2)/4 + r2*(1 - r1)/4 + (1 - r1)*(1 - r2)/4,0,0,0,0,0,0,0,0,0,r1*r2/4 + r1*(1 - r2)/4 + r2*(1 - r1)/4 + (1 - r1)*(1 - r2)/4,0,r1*r2/4 + r1*(1 - r2)/4 + r2*(1 - r1)/4 + (1 - r1)*(1 - r2)/4,0,0,0,0,0,0,0
"WGW,WRT",0,0,r1*(1 - r2)/4 + (1 - r1)*(1 - r2)/4,r1*r2/4 + r2*(1 - r1)/4,r1*r2/4 + r2*(1 - r1)/4,r1*(1 - r2)/4 + (1 - r1)*(1 - r2)/4,0,0,0,0,0,0,0,0,r1*(1 - r2)/4 + (1 - r1)*(1 - r2)/4,r1*r2/4 + r2*(1 - r1)/4,r1*r2/4 + r2*(1 - r1)/4,r1*(1 - r2)/4 + (1 - r1)*(1 - r2)/4,0,0,0,0,0,0
"WGW,BWW",cT*r1*r2*(1 - c)*(1 - cT)/4 + cT*r1*(1 - c)*(1 - cT)*(1 - r2)/4 + (1 - c)*(1 - cT)^2*(r1*r2/2 + r1*(1 - r2)/2)/2,cT^2*(1 - c)*(r1*r2/2 + r1*(1 - r2)/2)/2 + cT*r1*r2*(1 - c)*(1 - cT)/4 + cT*r1*(1 - c)*(1 - cT)*(1 - r2)/4,c*cT*r2*(1 - cT)*(1 - r1)/4 + c*cT*(1 - cT)*(1 - r1)*(1 - r2)/4 + c*(1 - cT)^2*(r2*(1 - r1)/2 + (1 - r1)*(1 - r2)/2)/2 + cT*r2*(1 - c)*(1 - cT)*(1 - r1)/4 + cT*(1 - c)*(1 - cT)*(1 - r1)*(1 - r2)/4 + (1 - c)*(1 - cT)^2*(r2*(1 - r1)/2 + (1 - r1)*(1 - r2)/2)/2,c*cT^2*(r2*(1 - r1)/2 + (1 - r1)*(1 - r2)/2)/2 + c*cT*r2*(1 - cT)*(1 - r1)/4 + c*cT*(1 - cT)*(1 - r1)*(1 - r2)/4 + cT^2*(1 - c)*(r2*(1 - r1)/2 + (1 - r1)*(1 - r2)/2)/2 + cT*r2*(1 - c)*(1 - cT)*(1 - r1)/4 + cT*(1 - c)*(1 - cT)*(1 - r1)*(1 - r2)/4,c*cT*r1*r2*(1 - cT)/4 + c*cT*r1*(1 - cT)*(1 - r2)/4 + c*(1 - cT)^2*(r1*r2/2 + r1*(1 - r2)/2)/2,c*cT^2*(r1*r2/2 + r1*(1 - r2)/2)/2 + c*cT*r1*r2*(1 - cT)/4 + c*cT*r1*(1 - cT)*(1 - r2)/4,cT*r2*(1 - c)*(1 - cT)*(1 - r1)/4 + cT*(1 - c)*(1 - cT)*(1 - r1)*(1 - r2)/4 + (1 - c)*(1 - cT)^2*(r2*(1 - r1)/2 + (1 - r1)*(1 - r2)/2)/2,cT^2*(1 - c)*(r2*(1 - r1)/2 + (1 - r1)*(1 - r2)/2)/2 + cT*r2*(1 - c)*(1 - cT)*(1 - r1)/4 + cT*(1 - c)*(1 - cT)*(1 - r1)*(1 - r2)/4,c*cT*r1*r2*(1 - cT)/4 + c*cT*r1*(1 - cT)*(1 - r2)/4 + c*(1 - cT)^2*(r1*r2/2 + r1*(1 - r2)/2)/2 + cT*r1*r2*(1 - c)*(1 - cT)/4 + cT*r1*(1 - c)*(1 - cT)*(1 - r2)/4 + (1 - c)*(1 - cT)^2*(r1*r2/2 + r1*(1 - r2)/2)/2,c*cT^2*(r1*r2/2 + r1*(1 - r2)/2)/2 + c*cT*r1*r2*(1 - cT)/4 + c*cT*r1*(1 - cT)*(1 - r2)/4 + cT^2*(1 - c)*(r1*r2/2 + r1*(1 - r2)/2)/2 + cT*r1*r2*(1 - c)*(1 - cT)/4 + cT*r1*(1 - c)*(1 - cT)*(1 - r2)/4,c*cT*r2*(1 - cT)*(1 - r1)/4 + c*cT*(1 - cT)*(1 - r1)*(1 - r2)/4 + c*(1 - cT)^2*(r2*(1 - r1)/2 + (1 - r1)*(1 - r2)/2)/2,c*cT^2*(r2*(1 - r1)/2 + (1 - r1)*(1 - r2)/2)/2 + c*cT*r2*(1 - cT)*(1 - r1)/4 + c*cT*(1 - cT)*(1 - r1)*(1 - r2)/4,cT*r1*r2*(1 - c)*(1 - cT)/4 + cT*r1*(1 - c)*(1 - cT)*(1 - r2)/4 + (1 - c)*(1 - cT)^2*(r1*r2/2 + r1*(1 - r2)/2)/2,cT^2*(1 - c)*(r1*r2/2 + r1*(1 - r2)/2)/2 + cT*r1*r2*(1 - c)*(1 - cT)/4 + cT*r1*(1 - c)*(1 - cT)*(1 - r2)/4,c*cT*r2*(1 - cT)*(1 - r1)/4 + c*cT*(1 - cT)*(1 - r1)*(1 - r2)/4 + c*(1 - cT)^2*(r2*(1 - r1)/2 + (1 - r1)*(1 - r2)/2)/2 + cT*r2*(1 - c)*(1 - cT)*(1 - r1)/4 + cT*(1 - c)*(1 - cT)*(1 - r1)*(1 - r2)/4 + (1 - c)*(1 - cT)^2*(r2*(1 - r1)/2 + (1 - r1)*(1 - r2)/2)/2,c*cT^2*(r2*(1 - r1)/2 + (1 - r1)*(1 - r2)/2)/2 + c*cT*r2*(1 - cT)*(1 - r1)/4 + c*cT*(1 - cT)*(1 - r1)*(1 - r2)/4 + cT^2*(1 - c)*(r2*(1 - r1)/2 + (1 - r1)*(1 - r2)/2)/2 + cT*r2*(1 - c)*(1 - cT)*(1 - r1)/4 + cT*(1 - c)*(1 - cT)*(1 - r1)*(1 - r2)/4,c*cT*r1*r2*(1 - cT)/4 + c*cT*r1*(1 - cT)*(1 - r2)/4 + c*(1 - cT)^2*(r1*r2/2 + r1*(1 - r2)/2)/2,c*cT^2*(r1*r2/2 + r1*(1 - r2)/2)/2 + c*cT*r1*r2*(1 - cT)/4 + c*cT*r1*(1 - cT)*(1 - r2)/4,cT*r2*(1 - c)*(1 - cT)*(1 - r1)/4 + cT*(1 - c)*(1 - cT)*(1 - r1)*(1 - r2)/4 + (1 - c)*(1 - cT)^2*(r2*(1 - r1)/2 + (1 - r1)*(1 - r2)/2)/2,cT^2*(1 - c)*(r2*(1 - r1)/2 + (1 - r1)*(1 - r2)/2)/2 + cT*r2*(1 - c)*(1 - cT)*(1 - r1)/4 + cT*(1 - c)*(1 - cT)*(1 - r1)*(1 - r2)/4,c*cT*r1*r2*(1 - cT)/4 + c*cT*r1*(1 - cT)*(1 - r2)/4 + c*(1 - cT)^2*(r1*r2/2 + r1*(1 - r2)/2)/2 + cT*r1*r2*(1 - c)*(1 - cT)/4 + cT*r1*(1 - c)*(1 - cT)*(1 - r2)/4 + (1 - c)*(1 - cT)^2*(r1*r2/2 + r1*(1 - r2)/2)/2,c*cT^2*(r1*r2/2 + r1*(1 - r2)/2)/2 + c*cT*r1*r2*(1 - cT)/4 + c*cT*r1*(1 - cT)*(1 - r2)/4 + cT^2*(1 - c)*(r1*r2/2 + r1*(1 - r2)/2)/2 + cT*r1*r2*(1 - c)*(1 - cT)/4 + cT*r1*(1 - c)*(1 - cT)*(1 - r2)/4,c*cT*r2*(1 - cT)*(1 - r1)/4 + c*cT*(1 - cT)*(1 - r1)*(1 - r2)/4 + c*(1 - cT)^2*(r2*(1 - r1)/2 + (1 - r1)*(1 - r2)/2)/2,c*cT^2*(r2*(1 - r1)/2 + (1 - r1)*(1 - r2)/2)/2 + c*cT*r2*(1 - cT)*(1 - r1)/4 + c*cT*(1 - cT)*(1 - r1)*(1 - r2)/4
"WGW,BWT",r1*r2*(1 - c)*(1 - cT)/4,cT*(1 - c)*(r1*r2/2 + r1*(1 - r2)/2)/2 + r1*(1 - c)*(1 - cT)*(1 - r2)/4,c*(1 - cT)*(1 - r1)*(1 - r2)/4 + (1 - c)*(1 - cT)*(1 - r1)*(1 - r2)/4,c*cT*(r2*(1 - r1)/2 + (1 - r1)*(1 - r2)/2)/2 + c*r2*(1 - cT)*(1 - r1)/4 + cT*(1 - c)*(r2*(1 - r1)/2 + (1 - r1)*(1 - r2)/2)/2 + r2*(1 - c)*(1 - cT)*(1 - r1)/4,c*r1*r2*(1 - cT)/4,c*cT*(r1*r2/2 + r1*(1 - r2)/2)/2 + c*r1*(1 - cT)*(1 - r2)/4,r2*(1 - c)*(1 - cT)*(1 - r1)/4,cT*(1 - c)*(r2*(1 - r1)/2 + (1 - r1)*(1 - r2)/2)/2 + (1 - c)*(1 - cT)*(1 - r1)*(1 - r2)/4,c*r1*(1 - cT)*(1 - r2)/4 + r1*(1 - c)*(1 - cT)*(1 - r2)/4,c*cT*(r1*r2/2 + r1*(1 - r2)/2)/2 + c*r1*r2*(1 - cT)/4 + cT*(1 - c)*(r1*r2/2 + r1*(1 - r2)/2)/2 + r1*r2*(1 - c)*(1 - cT)/4,c*r2*(1 - cT)*(1 - r1)/4,c*cT*(r2*(1 - r1)/2 + (1 - r1)*(1 - r2)/2)/2 + c*(1 - cT)*(1 - r1)*(1 - r2)/4,r1*r2*(1 - c)*(1 - cT)/4,cT*(1 - c)*(r1*r2/2 + r1*(1 - r2)/2)/2 + r1*(1 - c)*(1 - cT)*(1 - r2)/4,c*(1 - cT)*(1 - r1)*(1 - r2)/4 + (1 - c)*(1 - cT)*(1 - r1)*(1 - r2)/4,c*cT*(r2*(1 - r1)/2 + (1 - r1)*(1 - r2)/2)/2 + c*r2*(1 - cT)*(1 - r1)/4 + cT*(1 - c)*(r2*(1 - r1)/2 + (1 - r1)*(1 - r2)/2)/2 + r2*(1 - c)*(1 - cT)*(1 - r1)/4,c*r1*r2*(1 - cT)/4,c*cT*(r1*r2/2 + r1*(1 - r2)/2)/2 + c*r1*(1 - cT)*(1 - r2)/4,r2*(1 - c)*(1 - cT)*(1 - r1)/4,cT*(1 - c)*(r2*(1 - r1)/2 + (1 - r1)*(1 - r2)/2)/2 + (1 - c)*(1 - cT)*(1 - r1)*(1 - r2)/4,c*r1*(1 - cT)*(1 - r2)/4 + r1*(1 - c)*(1 - cT)*(1 - r2)/4,c*cT*(r1*r2/2 + r1*(1 - r2)/2)/2 + c*r1*r2*(1 - cT)/4 + cT*(1 - c)*(r1*r2/2 + r1*(1 - r2)/2)/2 + r1*r2*(1 - c)*(1 - cT)/4,c*r2*(1 - cT)*(1 - r1)/4,c*cT*(r2*(1 - r1)/2 + (1 - r1)*(1 - r2)/2)/2 + c*(1 - cT)*(1 - r1)*(1 - r2)/4
"WGW,BGW",0,0,cT*(1 - cT)*(r1*r2/2 + (1 - r1)*(1 - r2)/2)/2 + cT*(1 - cT)*(r1*(1 - r2)/2 + r2*(1 - r1)/2)/2 + (1 - cT)^2*(r1*r2/2 + r1*(1 - r2)/2 + r2*(1 - r1)/2 + (1 - r1)*(1 - r2)/2)/2,cT^2*(r1*r2/2 + r1*(1 - r2)/2 + r2*(1 - r1)/2 + (1 - r1)*(1 - r2)/2)/2 + cT*(1 - cT)*(r1*r2/2 + (1 - r1)*(1 - r2)/2)/2 + cT*(1 - cT)*(r1*(1 - r2)/2 + r2*(1 - r1)/2)/2,0,0,0,0,cT*(1 - cT)*(r1*r2/2 + (1 - r1)*(1 - r2)/2)/2 + cT*(1 - cT)*(r1*(1 - r2)/2 + r2*(1 - r1)/2)/2 + (1 - cT)^2*(r1*r2/2 + r1*(1 - r2)/2 + r2*(1 - r1)/2 + (1 - r1)*(1 - r2)/2)/2,cT^2*(r1*r2/2 + r1*(1 - r2)/2 + r2*(1 - r1)/2 + (1 - r1)*(1 - r2)/2)/2 + cT*(1 - cT)*(r1*r2/2 + (1 - r1)*(1 - r2)/2)/2 + cT*(1 - cT)*(r1*(1 - r2)/2 + r2*(1 - r1)/2)/2,0,0,0,0,cT*(1 - cT)*(r1*r2/2 + (1 - r1)*(1 - r2)/2)/2 + cT*(1 - cT)*(r1*(1 - r2)/2 + r2*(1 - r1)/2)/2 + (1 - cT)^2*(r1*r2/2 + r1*(1 - r2)/2 + r2*(1 - r1)/2 + (1 - r1)*(1 - r2)/2)/2,cT^2*(r1*r2/2 + r1*(1 - r2)/2 + r2*(1 - r1)/2 + (1 - r1)*(1 - r2)/2)/2 + cT*(1 - cT)*(r1*r2/2 + (1 - r1)*(1 - r2)/2)/2 + cT*(1 - cT)*(r1*(1 - r2)/2 + r2*(1 - r1)/2)/2,0,0,0,0,cT*(1 - cT)*(r1*r2/2 + (1 - r1)*(1 - r2)/2)/2 + cT*(1 - cT)*(r1*(1 - r2)/2 + r2*(1 - r1)/2)/2 + (1 - cT)^2*(r1*r2/2 + r1*(1 - r2)/2 + r2*(1 - r1)/2 + (1 - r1)*(1 - r2)/2)/2,cT^2*(r1*r2/2 + r1*(1 - r2)/2 + r2*(1 - r1)/2 + (1 - r1)*(1 - r2)/2)/2 + cT*(1 - cT)*(r1*r2/2 + (1 - r1)*(1 - r2)/2)/2 + cT*(1 - cT)*(r1*(1 - r2)/2 + r2*(1 - r1)/2)/2,0,0
"WGW,BGT",0,0,(1 - cT)*(r1*r2/2 + (1 - r1)*(1 - r2)/2)/2,cT*(r1*r2/2 + r1*(1 - r2)/2 + r2*(1 - r1)/2 + (1 - r1)*(1 - r2)/2)/2 + (1 - cT)*(r1*(1 - r2)/2 + r2*(1 - r1)/2)/2,0,0,0,0,(1 - cT)*(r1*(1 - r2)/2 + r2*(1 - r1)/2)/2,cT*(r1*r2/2 + r1*(1 - r2)/2 + r2*(1 - r1)/2 + (1 - r1)*(1 - r2)/2)/2 + (1 - cT)*(r1*r2/2 + (1 - r1)*(1 - r2)/2)/2,0,0,0,0,(1 - cT)*(r1*r2/2 + (1 - r1)*(1 - r2)/2)/2,cT*(r1*r2/2 + r1*(1 - r2)/2 + r2*(1 - r1)/2 + (1 - r1)*(1 - r2)/2)/2 + (1 - cT)*(r1*(1 - r2)/2 + r2*(1 - r1)/2)/2,0,0,0,0,(1 - cT)*(r1*(1 - r2)/2 + r2*(1 - r1)/2)/2,cT*(r1*r2/2 + r1*(1 - r2)/2 + r2*(1 - r1)/2 + (1 - r1)*(1 - r2)/2)/2 + (1 - cT)*(r1*r2/2 + (1 - r1)*(1 - r2)/2)/2,0,0
"WGW,BRW",0,0,cT*r2*(1 - cT)*(1 - r1)/4 + cT*(1 - cT)*(1 - r1)*(1 - r2)/4 + (1 - cT)^2*(r2*(1 - r1)/2 + (1 - r1)*(1 - r2)/2)/2,cT^2*(r2*(1 - r1)/2 + (1 - r1)*(1 - r2)/2)/2 + cT*r2*(1 - cT)*(1 - r1)/4 + cT*(1 - cT)*(1 - r1)*(1 - r2)/4,cT*r1*r2*(1 - cT)/4 + cT*r1*(1 - cT)*(1 - r2)/4 + (1 - cT)^2*(r1*r2/2 + r1*(1 - r2)/2)/2,cT^2*(r1*r2/2 + r1*(1 - r2)/2)/2 + cT*r1*r2*(1 - cT)/4 + cT*r1*(1 - cT)*(1 - r2)/4,0,0,cT*r1*r2*(1 - cT)/4 + cT*r1*(1 - cT)*(1 - r2)/4 + (1 - cT)^2*(r1*r2/2 + r1*(1 - r2)/2)/2,cT^2*(r1*r2/2 + r1*(1 - r2)/2)/2 + cT*r1*r2*(1 - cT)/4 + cT*r1*(1 - cT)*(1 - r2)/4,cT*r2*(1 - cT)*(1 - r1)/4 + cT*(1 - cT)*(1 - r1)*(1 - r2)/4 + (1 - cT)^2*(r2*(1 - r1)/2 + (1 - r1)*(1 - r2)/2)/2,cT^2*(r2*(1 - r1)/2 + (1 - r1)*(1 - r2)/2)/2 + cT*r2*(1 - cT)*(1 - r1)/4 + cT*(1 - cT)*(1 - r1)*(1 - r2)/4,0,0,cT*r2*(1 - cT)*(1 - r1)/4 + cT*(1 - cT)*(1 - r1)*(1 - r2)/4 + (1 - cT)^2*(r2*(1 - r1)/2 + (1 - r1)*(1 - r2)/2)/2,cT^2*(r2*(1 - r1)/2 + (1 - r1)*(1 - r2)/2)/2 + cT*r2*(1 - cT)*(1 - r1)/4 + cT*(1 - cT)*(1 - r1)*(1 - r2)/4,cT*r1*r2*(1 - cT)/4 + cT*r1*(1 - cT)*(1 - r2)/4 + (1 - cT)^2*(r1*r2/2 + r1*(1 - r2)/2)/2,cT^2*(r1*r2/2 + r1*(1 - r2)/2)/2 + cT*r1*r2*(1 - cT)/4 + cT*r1*(1 - cT)*(1 - r2)/4,0,0,cT*r1*r2*(1 - cT)/4 + cT*r1*(1 - cT)*(1 - r2)/4 + (1 - cT)^2*(r1*r2/2 + r1*(1 - r2)/2)/2,cT^2*(r1*r2/2 + r1*(1 - r2)/2)/2 + cT*r1*r2*(1 - cT)/4 + cT*r1*(1 - cT)*(1 - r2)/4,cT*r2*(1 - cT)*(1 - r1)/4 + cT*(1 - cT)*(1 - r1)*(1 - r2)/4 + (1 - cT)^2*(r2*(1 - r1)/2 + (1 - r1)*(1 - r2)/2)/2,cT^2*(r2*(1 - r1)/2 + (1 - r1)*(1 - r2)/2)/2 + cT*r2*(1 - cT)*(1 - r1)/4 + cT*(1 - cT)*(1 - r1)*(1 - r2)/4
"WGW,BRT",0,0,(1 - cT)*(1 - r1)*(1 - r2)/4,cT*(r2*(1 - r1)/2 + (1 - r1)*(1 - r2)/2)/2 + r2*(1 - cT)*(1 - r1)/4,r1*r2*(1 - cT)/4,cT*(r1*r2/2 + r1*(1 - r2)/2)/2 + r1*(1 - cT)*(1 - r2)/4,0,0,r1*(1 - cT)*(1 - r2)/4,cT*(r1*r2/2 + r1*(1 - r2)/2)/2 + r1*r2*(1 - cT)/4,r2*(1 - cT)*(1 - r1)/4,cT*(r2*(1 - r1)/2 + (1 - r1)*(1 - r2)/2)/2 + (1 - cT)*(1 - r1)*(1 - r2)/4,0,0,(1 - cT)*(1 - r1)*(1 - r2)/4,cT*(r2*(1 - r1)/2 + (1 - r1)*(1 - r2)/2)/2 + r2*(1 - cT)*(1 - r1)/4,r1*r2*(1 - cT)/4,cT*(r1*r2/2 + r1*(1 - r2)/2)/2 + r1*(1 - cT)*(1 - r2)/4,0,0,r1*(1 - cT)*(1 - r2)/4,cT*(r1*r2/2 + r1*(1 - r2)/2)/2 + r1*r2*(1 - cT)/4,r2*(1 - cT)*(1 - r1)/4,cT*(r2*(1 - r1)/2 + (1 - r1)*(1 - r2)/2)/2 + (1 - cT)*(1 - r1)*(1 - r2)/4
"WGT,WGT",0,0,0,r1*r2/2 + r1*(1 - r2)/2 + r2*(1 - r1)/2 + (1 - r1)*(1 - r2)/2,0,0,0,0,0,0,0,0,0,0,0,r1*r2/2 + r1*(1 - r2)/2 + r2*(1 - r1)/2 + (1 - r1)*(1 - r2)/2,0,0,0,0,0,0,0,0
"WGT,WRW",0,0,r1*r2/4 + r2*(1 - r1)/4,r1*(1 - r2)/4 + (1 - r1)*(1 - r2)/4,r1*(1 - r2)/4 + (1 - r1)*(1 - r2)/4,r1*r2/4 + r2*(1 - r1)/4,0,0,0,0,0,0,0,0,r1*r2/4 + r2*(1 - r1)/4,r1*(1 - r2)/4 + (1 - r1)*(1 - r2)/4,r1*(1 - r2)/4 + (1 - r1)*(1 - r2)/4,r1*r2/4 + r2*(1 - r1)/4,0,0,0,0,0,0
"WGT,WRT",0,0,0,r1*r2/4 + r1*(1 - r2)/4 + r2*(1 - r1)/4 + (1 - r1)*(1 - r2)/4,0,r1*r2/4 + r1*(1 - r2)/4 + r2*(1 - r1)/4 + (1 - r1)*(1 - r2)/4,0,0,0,0,0,0,0,0,0,r1*r2/4 + r1*(1 - r2)/4 + r2*(1 - r1)/4 + (1 - r1)*(1 - r2)/4,0,r1*r2/4 + r1*(1 - r2)/4 + r2*(1 - r1)/4 + (1 - r1)*(1 - r2)/4,0,0,0,0,0,0
"WGT,BWW",r1*(1 - c)*(1 - cT)*(1 - r2)/4,cT*(1 - c)*(r1*r2/2 + r1*(1 - r2)/2)/2 + r1*r2*(1 - c)*(1 - cT)/4,c*r2*(1 - cT)*(1 - r1)/4 + r2*(1 - c)*(1 - cT)*(1 - r1)/4,c*cT*(r2*(1 - r1)/2 + (1 - r1)*(1 - r2)/2)/2 + c*(1 - cT)*(1 - r1)*(1 - r2)/4 + cT*(1 - c)*(r2*(1 - r1)/2 + (1 - r1)*(1 - r2)/2)/2 + (1 - c)*(1 - cT)*(1 - r1)*(1 - r2)/4,c*r1*(1 - cT)*(1 - r2)/4,c*cT*(r1*r2/2 + r1*(1 - r2)/2)/2 + c*r1*r2*(1 - cT)/4,(1 - c)*(1 - cT)*(1 - r1)*(1 - r2)/4,cT*(1 - c)*(r2*(1 - r1)/2 + (1 - r1)*(1 - r2)/2)/2 + r2*(1 - c)*(1 - cT)*(1 - r1)/4,c*r1*r2*(1 - cT)/4 + r1*r2*(1 - c)*(1 - cT)/4,c*cT*(r1*r2/2 + r1*(1 - r2)/2)/2 + c*r1*(1 - cT)*(1 - r2)/4 + cT*(1 - c)*(r1*r2/2 + r1*(1 - r2)/2)/2 + r1*(1 - c)*(1 - cT)*(1 - r2)/4,c*(1 - cT)*(1 - r1)*(1 - r2)/4,c*cT*(r2*(1 - r1)/2 + (1 - r1)*(1 - r2)/2)/2 + c*r2*(1 - cT)*(1 - r1)/4,r1*(1 - c)*(1 - cT)*(1 - r2)/4,cT*(1 - c)*(r1*r2/2 + r1*(1 - r2)/2)/2 + r1*r2*(1 - c)*(1 - cT)/4,c*r2*(1 - cT)*(1 - r1)/4 + r2*(1 - c)*(1 - cT)*(1 - r1)/4,c*cT*(r2*(1 - r1)/2 + (1 - r1)*(1 - r2)/2)/2 + c*(1 - cT)*(1 - r1)*(1 - r2)/4 + cT*(1 - c)*(r2*(1 - r1)/2 + (1 - r1)*(1 - r2)/2)/2 + (1 - c)*(1 - cT)*(1 - r1)*(1 - r2)/4,c*r1*(1 - cT)*(1 - r2)/4,c*cT*(r1*r2/2 + r1*(1 - r2)/2)/2 + c*r1*r2*(1 - cT)/4,(1 - c)*(1 - cT)*(1 - r1)*(1 - r2)/4,cT*(1 - c)*(r2*(1 - r1)/2 + (1 - r1)*(1 - r2)/2)/2 + r2*(1 - c)*(1 - cT)*(1 - r1)/4,c*r1*r2*(1 - cT)/4 + r1*r2*(1 - c)*(1 - cT)/4,c*cT*(r1*r2/2 + r1*(1 - r2)/2)/2 + c*r1*(1 - cT)*(1 - r2)/4 + cT*(1 - c)*(r1*r2/2 + r1*(1 - r2)/2)/2 + r1*(1 - c)*(1 - cT)*(1 - r2)/4,c*(1 - cT)*(1 - r1)*(1 - r2)/4,c*cT*(r2*(1 - r1)/2 + (1 - r1)*(1 - r2)/2)/2 + c*r2*(1 - cT)*(1 - r1)/4
"WGT,BWT",0,(1 - c)*(r1*r2/2 + r1*(1 - r2)/2)/2,0,c*(r2*(1 - r1)/2 + (1 - r1)*(1 - r2)/2)/2 + (1 - c)*(r2*(1 - r1)/2 + (1 - r1)*(1 - r2)/2)/2,0,c*(r1*r2/2 + r1*(1 - r2)/2)/2,0,(1 - c)*(r2*(1 - r1)/2 + (1 - r1)*(1 - r2)/2)/2,0,c*(r1*r2/2 + r1*(1 - r2)/2)/2 + (1 - c)*(r1*r2/2 + r1*(1 - r2)/2)/2,0,c*(r2*(1 - r1)/2 + (1 - r1)*(1 - r2)/2)/2,0,(1 - c)*(r1*r2/2 + r1*(1 - r2)/2)/2,0,c*(r2*(1 - r1)/2 + (1 - r1)*(1 - r2)/2)/2 + (1 - c)*(r2*(1 - r1)/2 + (1 - r1)*(1 - r2)/2)/2,0,c*(r1*r2/2 + r1*(1 - r2)/2)/2,0,(1 - c)*(r2*(1 - r1)/2 + (1 - r1)*(1 - r2)/2)/2,0,c*(r1*r2/2 + r1*(1 - r2)/2)/2 + (1 - c)*(r1*r2/2 + r1*(1 - r2)/2)/2,0,c*(r2*(1 - r1)/2 + (1 - r1)*(1 - r2)/2)/2
"WGT,BGW",0,0,(1 - cT)*(r1*(1 - r2)/2 + r2*(1 - r1)/2)/2,cT*(r1*r2/2 + r1*(1 - r2)/2 + r2*(1 - r1)/2 + (1 - r1)*(1 - r2)/2)/2 + (1 - cT)*(r1*r2/2 + (1 - r1)*(1 - r2)/2)/2,0,0,0,0,(1 - cT)*(r1*r2/2 + (1 - r1)*(1 - r2)/2)/2,cT*(r1*r2/2 + r1*(1 - r2)/2 + r2*(1 - r1)/2 + (1 - r1)*(1 - r2)/2)/2 + (1 - cT)*(r1*(1 - r2)/2 + r2*(1 - r1)/2)/2,0,0,0,0,(1 - cT)*(r1*(1 - r2)/2 + r2*(1 - r1)/2)/2,cT*(r1*r2/2 + r1*(1 - r2)/2 + r2*(1 - r1)/2 + (1 - r1)*(1 - r2)/2)/2 + (1 - cT)*(r1*r2/2 + (1 - r1)*(1 - r2)/2)/2,0,0,0,0,(1 - cT)*(r1*r2/2 + (1 - r1)*(1 - r2)/2)/2,cT*(r1*r2/2 + r1*(1 - r2)/2 + r2*(1 - r1)/2 + (1 - r1)*(1 - r2)/2)/2 + (1 - cT)*(r1*(1 - r2)/2 + r2*(1 - r1)/2)/2,0,0
"WGT,BGT",0,0,0,r1*r2/4 + r1*(1 - r2)/4 + r2*(1 - r1)/4 + (1 - r1)*(1 - r2)/4,0,0,0,0,0,r1*r2/4 + r1*(1 - r2)/4 + r2*(1 - r1)/4 + (1 - r1)*(1 - r2)/4,0,0,0,0,0,r1*r2/4 + r1*(1 - r2)/4 + r2*(1 - r1)/4 + (1 - r1)*(1 - r2)/4,0,0,0,0,0,r1*r2/4 + r1*(1 - r2)/4 + r2*(1 - r1)/4 + (1 - r1)*(1 - r2)/4,0,0
"WGT,BRW",0,0,r2*(1 - cT)*(1 - r1)/4,cT*(r2*(1 - r1)/2 + (1 - r1)*(1 - r2)/2)/2 + (1 - cT)*(1 - r1)*(1 - r2)/4,r1*(1 - cT)*(1 - r2)/4,cT*(r1*r2/2 + r1*(1 - r2)/2)/2 + r1*r2*(1 - cT)/4,0,0,r1*r2*(1 - cT)/4,cT*(r1*r2/2 + r1*(1 - r2)/2)/2 + r1*(1 - cT)*(1 - r2)/4,(1 - cT)*(1 - r1)*(1 - r2)/4,cT*(r2*(1 - r1)/2 + (1 - r1)*(1 - r2)/2)/2 + r2*(1 - cT)*(1 - r1)/4,0,0,r2*(1 - cT)*(1 - r1)/4,cT*(r2*(1 - r1)/2 + (1 - r1)*(1 - r2)/2)/2 + (1 - cT)*(1 - r1)*(1 - r2)/4,r1*(1 - cT)*(1 - r2)/4,cT*(r1*r2/2 + r1*(1 - r2)/2)/2 + r1*r2*(1 - cT)/4,0,0,r1*r2*(1 - cT)/4,cT*(r1*r2/2 + r1*(1 - r2)/2)/2 + r1*(1 - cT)*(1 - r2)/4,(1 - cT)*(1 - r1)*(1 - r2)/4,cT*(r2*(1 - r1)/2 + (1 - r1)*(1 - r2)/2)/2 + r2*(1 - cT)*(1 - r1)/4
"WGT,BRT",0,0,0,r2*(1 - r1)/4 + (1 - r1)*(1 - r2)/4,0,r1*r2/4 + r1*(1 - r2)/4,0,0,0,r1*r2/4 + r1*(1 - r2)/4,0,r2*(1 - r1)/4 + (1 - r1)*(1 - r2)/4,0,0,0,r2*(1 - r1)/4 + (1 - r1)*(1 - r2)/4,0,r1*r2/4 + r1*(1 - r2)/4,0,0,0,r1*r2/4 + r1*(1 - r2)/4,0,r2*(1 - r1)/4 + (1 - r1)*(1 - r2)/4
"WRW,WRW",0,0,0,0,r1*r2/2 + r1*(1 - r2)/2 + r2*(1 - r1)/2 + (1 - r1)*(1 - r2)/2,0,0,0,0,0,0,0,0,0,0,0,r1*r2/2 + r1*(1 - r2)/2 + r2*(1 - r1)/2 + (1 - r1)*(1 - r2)/2,0,0,0,0,0,0,0
"WRW,WRT",0,0,0,0,r1*r2/4 + r1*(1 - r2)/4 + r2*(1 - r1)/4 + (1 - r1)*(1 - r2)/4,r1*r2/4 + r1*(1 - r2)/4 + r2*(1 - r1)/4 + (1 - r1)*(1 - r2)/4,0,0,0,0,0,0,0,0,0,0,r1*r2/4 + r1*(1 - r2)/4 + r2*(1 - r1)/4 + (1 - r1)*(1 - r2)/4,r1*r2/4 + r1*(1 - r2)/4 + r2*(1 - r1)/4 + (1 - r1)*(1 - r2)/4,0,0,0,0,0,0
"WRW,BWW",r1*r2/4 + r1*(1 - r2)/4,0,0,0,r2*(1 - r1)/4 + (1 - r1)*(1 - r2)/4,0,r2*(1 - r1)/4 + (1 - r1)*(1 - r2)/4,0,0,0,r1*r2/4 + r1*(1 - r2)/4,0,r1*r2/4 + r1*(1 - r2)/4,0,0,0,r2*(1 - r1)/4 + (1 - r1)*(1 - r2)/4,0,r2*(1 - r1)/4 + (1 - r1)*(1 - r2)/4,0,0,0,r1*r2/4 + r1*(1 - r2)/4,0
"WRW,BWT",r1*r2/4,r1*(1 - r2)/4,0,0,(1 - r1)*(1 - r2)/4,r2*(1 - r1)/4,r2*(1 - r1)/4,(1 - r1)*(1 - r2)/4,0,0,r1*(1 - r2)/4,r1*r2/4,r1*r2/4,r1*(1 - r2)/4,0,0,(1 - r1)*(1 - r2)/4,r2*(1 - r1)/4,r2*(1 - r1)/4,(1 - r1)*(1 - r2)/4,0,0,r1*(1 - r2)/4,r1*r2/4
"WRW,BGW",0,0,cT*r1*r2*(1 - cT)/4 + cT*r1*(1 - cT)*(1 - r2)/4 + (1 - cT)^2*(r1*r2/2 + r1*(1 - r2)/2)/2,cT^2*(r1*r2/2 + r1*(1 - r2)/2)/2 + cT*r1*r2*(1 - cT)/4 + cT*r1*(1 - cT)*(1 - r2)/4,cT*r2*(1 - cT)*(1 - r1)/4 + cT*(1 - cT)*(1 - r1)*(1 - r2)/4 + (1 - cT)^2*(r2*(1 - r1)/2 + (1 - r1)*(1 - r2)/2)/2,cT^2*(r2*(1 - r1)/2 + (1 - r1)*(1 - r2)/2)/2 + cT*r2*(1 - cT)*(1 - r1)/4 + cT*(1 - cT)*(1 - r1)*(1 - r2)/4,0,0,cT*r2*(1 - cT)*(1 - r1)/4 + cT*(1 - cT)*(1 - r1)*(1 - r2)/4 + (1 - cT)^2*(r2*(1 - r1)/2 + (1 - r1)*(1 - r2)/2)/2,cT^2*(r2*(1 - r1)/2 + (1 - r1)*(1 - r2)/2)/2 + cT*r2*(1 - cT)*(1 - r1)/4 + cT*(1 - cT)*(1 - r1)*(1 - r2)/4,cT*r1*r2*(1 - cT)/4 + cT*r1*(1 - cT)*(1 - r2)/4 + (1 - cT)^2*(r1*r2/2 + r1*(1 - r2)/2)/2,cT^2*(r1*r2/2 + r1*(1 - r2)/2)/2 + cT*r1*r2*(1 - cT)/4 + cT*r1*(1 - cT)*(1 - r2)/4,0,0,cT*r1*r2*(1 - cT)/4 + cT*r1*(1 - cT)*(1 - r2)/4 + (1 - cT)^2*(r1*r2/2 + r1*(1 - r2)/2)/2,cT^2*(r1*r2/2 + r1*(1 - r2)/2)/2 + cT*r1*r2*(1 - cT)/4 + cT*r1*(1 - cT)*(1 - r2)/4,cT*r2*(1 - cT)*(1 - r1)/4 + cT*(1 - cT)*(1 - r1)*(1 - r2)/4 + (1 - cT)^2*(r2*(1 - r1)/2 + (1 - r1)*(1 - r2)/2)/2,cT^2*(r2*(1 - r1)/2 + (1 - r1)*(1 - r2)/2)/2 + cT*r2*(1 - cT)*(1 - r1)/4 + cT*(1 - cT)*(1 - r1)*(1 - r2)/4,0,0,cT*r2*(1 - cT)*(1 - r1)/4 + cT*(1 - cT)*(1 - r1)*(1 - r2)/4 + (1 - cT)^2*(r2*(1 - r1)/2 + (1 - r1)*(1 - r2)/2)/2,cT^2*(r2*(1 - r1)/2 + (1 - r1)*(1 - r2)/2)/2 + cT*r2*(1 - cT)*(1 - r1)/4 + cT*(1 - cT)*(1 - r1)*(1 - r2)/4,cT*r1*r2*(1 - cT)/4 + cT*r1*(1 - cT)*(1 - r2)/4 + (1 - cT)^2*(r1*r2/2 + r1*(1 - r2)/2)/2,cT^2*(r1*r2/2 + r1*(1 - r2)/2)/2 + cT*r1*r2*(1 - cT)/4 + cT*r1*(1 - cT)*(1 - r2)/4
"WRW,BGT",0,0,r1*r2*(1 - cT)/4,cT*(r1*r2/2 + r1*(1 - r2)/2)/2 + r1*(1 - cT)*(1 - r2)/4,(1 - cT)*(1 - r1)*(1 - r2)/4,cT*(r2*(1 - r1)/2 + (1 - r1)*(1 - r2)/2)/2 + r2*(1 - cT)*(1 - r1)/4,0,0,r2*(1 - cT)*(1 - r1)/4,cT*(r2*(1 - r1)/2 + (1 - r1)*(1 - r2)/2)/2 + (1 - cT)*(1 - r1)*(1 - r2)/4,r1*(1 - cT)*(1 - r2)/4,cT*(r1*r2/2 + r1*(1 - r2)/2)/2 + r1*r2*(1 - cT)/4,0,0,r1*r2*(1 - cT)/4,cT*(r1*r2/2 + r1*(1 - r2)/2)/2 + r1*(1 - cT)*(1 - r2)/4,(1 - cT)*(1 - r1)*(1 - r2)/4,cT*(r2*(1 - r1)/2 + (1 - r1)*(1 - r2)/2)/2 + r2*(1 - cT)*(1 - r1)/4,0,0,r2*(1 - cT)*(1 - r1)/4,cT*(r2*(1 - r1)/2 + (1 - r1)*(1 - r2)/2)/2 + (1 - cT)*(1 - r1)*(1 - r2)/4,r1*(1 - cT)*(1 - r2)/4,cT*(r1*r2/2 + r1*(1 - r2)/2)/2 + r1*r2*(1 - cT)/4
"WRW,BRW",0,0,0,0,r1*r2/4 + r1*(1 - r2)/4 + r2*(1 - r1)/4 + (1 - r1)*(1 - r2)/4,0,0,0,0,0,r1*r2/4 + r1*(1 - r2)/4 + r2*(1 - r1)/4 + (1 - r1)*(1 - r2)/4,0,0,0,0,0,r1*r2/4 + r1*(1 - r2)/4 + r2*(1 - r1)/4 + (1 - r1)*(1 - r2)/4,0,0,0,0,0,r1*r2/4 + r1*(1 - r2)/4 + r2*(1 - r1)/4 + (1 - r1)*(1 - r2)/4,0
"WRW,BRT",0,0,0,0,r1*r2/4 + (1 - r1)*(1 - r2)/4,r1*(1 - r2)/4 + r2*(1 - r1)/4,0,0,0,0,r1*(1 - r2)/4 + r2*(1 - r1)/4,r1*r2/4 + (1 - r1)*(1 - r2)/4,0,0,0,0,r1*r2/4 + (1 - r1)*(1 - r2)/4,r1*(1 - r2)/4 + r2*(1 - r1)/4,0,0,0,0,r1*(1 - r2)/4 + r2*(1 - r1)/4,r1*r2/4 + (1 - r1)*(1 - r2)/4
"WRT,WRT",0,0,0,0,0,r1*r2/2 + r1*(1 - r2)/2 + r2*(1 - r1)/2 + (1 - r1)*(1 - r2)/2,0,0,0,0,0,0,0,0,0,0,0,r1*r2/2 + r1*(1 - r2)/2 + r2*(1 - r1)/2 + (1 - r1)*(1 - r2)/2,0,0,0,0,0,0
"WRT,BWW",r1*(1 - r2)/4,r1*r2/4,0,0,r2*(1 - r1)/4,(1 - r1)*(1 - r2)/4,(1 - r1)*(1 - r2)/4,r2*(1 - r1)/4,0,0,r1*r2/4,r1*(1 - r2)/4,r1*(1 - r2)/4,r1*r2/4,0,0,r2*(1 - r1)/4,(1 - r1)*(1 - r2)/4,(1 - r1)*(1 - r2)/4,r2*(1 - r1)/4,0,0,r1*r2/4,r1*(1 - r2)/4
"WRT,BWT",0,r1*r2/4 + r1*(1 - r2)/4,0,0,0,r2*(1 - r1)/4 + (1 - r1)*(1 - r2)/4,0,r2*(1 - r1)/4 + (1 - r1)*(1 - r2)/4,0,0,0,r1*r2/4 + r1*(1 - r2)/4,0,r1*r2/4 + r1*(1 - r2)/4,0,0,0,r2*(1 - r1)/4 + (1 - r1)*(1 - r2)/4,0,r2*(1 - r1)/4 + (1 - r1)*(1 - r2)/4,0,0,0,r1*r2/4 + r1*(1 - r2)/4
"WRT,BGW",0,0,r1*(1 - cT)*(1 - r2)/4,cT*(r1*r2/2 + r1*(1 - r2)/2)/2 + r1*r2*(1 - cT)/4,r2*(1 - cT)*(1 - r1)/4,cT*(r2*(1 - r1)/2 + (1 - r1)*(1 - r2)/2)/2 + (1 - cT)*(1 - r1)*(1 - r2)/4,0,0,(1 - cT)*(1 - r1)*(1 - r2)/4,cT*(r2*(1 - r1)/2 + (1 - r1)*(1 - r2)/2)/2 + r2*(1 - cT)*(1 - r1)/4,r1*r2*(1 - cT)/4,cT*(r1*r2/2 + r1*(1 - r2)/2)/2 + r1*(1 - cT)*(1 - r2)/4,0,0,r1*(1 - cT)*(1 - r2)/4,cT*(r1*r2/2 + r1*(1 - r2)/2)/2 + r1*r2*(1 - cT)/4,r2*(1 - cT)*(1 - r1)/4,cT*(r2*(1 - r1)/2 + (1 - r1)*(1 - r2)/2)/2 + (1 - cT)*(1 - r1)*(1 - r2)/4,0,0,(1 - cT)*(1 - r1)*(1 - r2)/4,cT*(r2*(1 - r1)/2 + (1 - r1)*(1 - r2)/2)/2 + r2*(1 - cT)*(1 - r1)/4,r1*r2*(1 - cT)/4,cT*(r1*r2/2 + r1*(1 - r2)/2)/2 + r1*(1 - cT)*(1 - r2)/4
"WRT,BGT",0,0,0,r1*r2/4 + r1*(1 - r2)/4,0,r2*(1 - r1)/4 + (1 - r1)*(1 - r2)/4,0,0,0,r2*(1 - r1)/4 + (1 - r1)*(1 - r2)/4,0,r1*r2/4 + r1*(1 - r2)/4,0,0,0,r1*r2/4 + r1*(1 - r2)/4,0,r2*(1 - r1)/4 + (1 - r1)*(1 - r2)/4,0,0,0,r2*(1 - r1)/4 + (1 - r1)*(1 - r2)/4,0,r1*r2/4 + r1*(1 - r2)/4
"WRT,BRW",0,0,0,0,r1*(1 - r2)/4 + r2*(1 - r1)/4,r1*r2/4 + (1 - r1)*(1 - r2)/4,0,0,0,0,r1*r2/4 + (1 - r1)*(1 - r2)/4,r1*(1 - r2)/4 + r2*(1 - r1)/4,0,0,0,0,r1*(1 - r2)/4 + r2*(1 - r1)/4,r1*r2/4 + (1 - r1)*(1 - r2)/4,0,0,0,0,r1*r2/4 + (1 - r1)*(1 - r2)/4,r1*(1 - r2)/4 + r2*(1 - r1)/4
"WRT,BRT",0,0,0,0,0,r1*r2/4 + r1*(1 - r2)/4 + r2*(1 - r1)/4 + (1 - r1)*(1 - r2)/4,0,0,0,0,0,r1*r2/4 + r1*(1 - r2)/4 + r2*(1 - r1)/4 + (1 - r1)*(1 - r2)/4,0,0,0,0,0,r1*r2/4 + r1*(1 - r2)/4 + r2*(1 - r1)/4 + (1 - r1)*(1 - r2)/4,0,0,0,0,0,r1*r2/4 + r1*(1 - r2)/4 + r2*(1 - r1)/4 + (1 - r1)*(1 - r2)/4
"BWW,BWW",0,0,0,0,0,0,r1*r2/2 + r1*(1 - r2)/2 + r2*(1 - r1)/2 + (1 - r1)*(1 - r2)/2,0,0,0,0,0,0,0,0,0,0,0,r1*r2/2 + r1*(1 - r2)/2 + r2*(1 - r1)/2 + (1 - r1)*(1 - r2)/2,0,0,0,0,0
"BWW,BWT",0,0,0,0,0,0,r1*r2/4 + r1*(1 - r2)/4 + r2*(1 - r1)/4 + (1 - r1)*(1 - r2)/4,r1*r2/4 + r1*(1 - r2)/4 + r2*(1 - r1)/4 + (1 - r1)*(1 - r2)/4,0,0,0,0,0,0,0,0,0,0,r1*r2/4 + r1*(1 - r2)/4 + r2*(1 - r1)/4 + (1 - r1)*(1 - r2)/4,r1*r2/4 + r1*(1 - r2)/4 + r2*(1 - r1)/4 + (1 - r1)*(1 - r2)/4,0,0,0,0
"BWW,BGW",0,0,0,0,0,0,cT*(1 - c)*(1 - cT)*(r1*r2/2 + r2*(1 - r1)/2)/2 + cT*(1 - c)*(1 - cT)*(r1*(1 - r2)/2 + (1 - r1)*(1 - r2)/2)/2 + (1 - c)*(1 - cT)^2*(r1*r2/2 + r1*(1 - r2)/2 + r2*(1 - r1)/2 + (1 - r1)*(1 - r2)/2)/2,cT^2*(1 - c)*(r1*r2/2 + r1*(1 - r2)/2 + r2*(1 - r1)/2 + (1 - r1)*(1 - r2)/2)/2 + cT*(1 - c)*(1 - cT)*(r1*r2/2 + r2*(1 - r1)/2)/2 + cT*(1 - c)*(1 - cT)*(r1*(1 - r2)/2 + (1 - r1)*(1 - r2)/2)/2,c*cT*(1 - cT)*(r1*r2/2 + r2*(1 - r1)/2)/2 + c*cT*(1 - cT)*(r1*(1 - r2)/2 + (1 - r1)*(1 - r2)/2)/2 + c*(1 - cT)^2*(r1*r2/2 + r1*(1 - r2)/2 + r2*(1 - r1)/2 + (1 - r1)*(1 - r2)/2)/2 + cT*(1 - c)*(1 - cT)*(r1*r2/2 + r2*(1 - r1)/2)/2 + cT*(1 - c)*(1 - cT)*(r1*(1 - r2)/2 + (1 - r1)*(1 - r2)/2)/2 + (1 - c)*(1 - cT)^2*(r1*r2/2 + r1*(1 - r2)/2 + r2*(1 - r1)/2 + (1 - r1)*(1 - r2)/2)/2,c*cT^2*(r1*r2/2 + r1*(1 - r2)/2 + r2*(1 - r1)/2 + (1 - r1)*(1 - r2)/2)/2 + c*cT*(1 - cT)*(r1*r2/2 + r2*(1 - r1)/2)/2 + c*cT*(1 - cT)*(r1*(1 - r2)/2 + (1 - r1)*(1 - r2)/2)/2 + cT^2*(1 - c)*(r1*r2/2 + r1*(1 - r2)/2 + r2*(1 - r1)/2 + (1 - r1)*(1 - r2)/2)/2 + cT*(1 - c)*(1 - cT)*(r1*r2/2 + r2*(1 - r1)/2)/2 + cT*(1 - c)*(1 - cT)*(r1*(1 - r2)/2 + (1 - r1)*(1 - r2)/2)/2,c*cT*(1 - cT)*(r1*r2/2 + r2*(1 - r1)/2)/2 + c*cT*(1 - cT)*(r1*(1 - r2)/2 + (1 - r1)*(1 - r2)/2)/2 + c*(1 - cT)^2*(r1*r2/2 + r1*(1 - r2)/2 + r2*(1 - r1)/2 + (1 - r1)*(1 - r2)/2)/2,c*cT^2*(r1*r2/2 + r1*(1 - r2)/2 + r2*(1 - r1)/2 + (1 - r1)*(1 - r2)/2)/2 + c*cT*(1 - cT)*(r1*r2/2 + r2*(1 - r1)/2)/2 + c*cT*(1 - cT)*(r1*(1 - r2)/2 + (1 - r1)*(1 - r2)/2)/2,0,0,0,0,0,0,cT*(1 - c)*(1 - cT)*(r1*r2/2 + r2*(1 - r1)/2)/2 + cT*(1 - c)*(1 - cT)*(r1*(1 - r2)/2 + (1 - r1)*(1 - r2)/2)/2 + (1 - c)*(1 - cT)^2*(r1*r2/2 + r1*(1 - r2)/2 + r2*(1 - r1)/2 + (1 - r1)*(1 - r2)/2)/2,cT^2*(1 - c)*(r1*r2/2 + r1*(1 - r2)/2 + r2*(1 - r1)/2 + (1 - r1)*(1 - r2)/2)/2 + cT*(1 - c)*(1 - cT)*(r1*r2/2 + r2*(1 - r1)/2)/2 + cT*(1 - c)*(1 - cT)*(r1*(1 - r2)/2 + (1 - r1)*(1 - r2)/2)/2,c*cT*(1 - cT)*(r1*r2/2 + r2*(1 - r1)/2)/2 + c*cT*(1 - cT)*(r1*(1 - r2)/2 + (1 - r1)*(1 - r2)/2)/2 + c*(1 - cT)^2*(r1*r2/2 + r1*(1 - r2)/2 + r2*(1 - r1)/2 + (1 - r1)*(1 - r2)/2)/2 + cT*(1 - c)*(1 - cT)*(r1*r2/2 + r2*(1 - r1)/2)/2 + cT*(1 - c)*(1 - cT)*(r1*(1 - r2)/2 + (1 - r1)*(1 - r2)/2)/2 + (1 - c)*(1 - cT)^2*(r1*r2/2 + r1*(1 - r2)/2 + r2*(1 - r1)/2 + (1 - r1)*(1 - r2)/2)/2,c*cT^2*(r1*r2/2 + r1*(1 - r2)/2 + r2*(1 - r1)/2 + (1 - r1)*(1 - r2)/2)/2 + c*cT*(1 - cT)*(r1*r2/2 + r2*(1 - r1)/2)/2 + c*cT*(1 - cT)*(r1*(1 - r2)/2 + (1 - r1)*(1 - r2)/2)/2 + cT^2*(1 - c)*(r1*r2/2 + r1*(1 - r2)/2 + r2*(1 - r1)/2 + (1 - r1)*(1 - r2)/2)/2 + cT*(1 - c)*(1 - cT)*(r1*r2/2 + r2*(1 - r1)/2)/2 + cT*(1 - c)*(1 - cT)*(r1*(1 - r2)/2 + (1 - r1)*(1 - r2)/2)/2,c*cT*(1 - cT)*(r1*r2/2 + r2*(1 - r1)/2)/2 + c*cT*(1 - cT)*(r1*(1 - r2)/2 + (1 - r1)*(1 - r2)/2)/2 + c*(1 - cT)^2*(r1*r2/2 + r1*(1 - r2)/2 + r2*(1 - r1)/2 + (1 - r1)*(1 - r2)/2)/2,c*cT^2*(r1*r2/2 + r1*(1 - r2)/2 + r2*(1 - r1)/2 + (1 - r1)*(1 - r2)/2)/2 + c*cT*(1 - cT)*(r1*r2/2 + r2*(1 - r1)/2)/2 + c*cT*(1 - cT)*(r1*(1 - r2)/2 + (1 - r1)*(1 - r2)/2)/2
"BWW,BGT",0,0,0,0,0,0,(1 - c)*(1 - cT)*(r1*(1 - r2)/2 + (1 - r1)*(1 - r2)/2)/2,cT*(1 - c)*(r1*r2/2 + r1*(1 - r2)/2 + r2*(1 - r1)/2 + (1 - r1)*(1 - r2)/2)/2 + (1 - c)*(1 - cT)*(r1*r2/2 + r2*(1 - r1)/2)/2,c*(1 - cT)*(r1*r2/2 + r2*(1 - r1)/2)/2 + (1 - c)*(1 - cT)*(r1*r2/2 + r2*(1 - r1)/2)/2,c*cT*(r1*r2/2 + r1*(1 - r2)/2 + r2*(1 - r1)/2 + (1 - r1)*(1 - r2)/2)/2 + c*(1 - cT)*(r1*(1 - r2)/2 + (1 - r1)*(1 - r2)/2)/2 + cT*(1 - c)*(r1*r2/2 + r1*(1 - r2)/2 + r2*(1 - r1)/2 + (1 - r1)*(1 - r2)/2)/2 + (1 - c)*(1 - cT)*(r1*(1 - r2)/2 + (1 - r1)*(1 - r2)/2)/2,c*(1 - cT)*(r1*(1 - r2)/2 + (1 - r1)*(1 - r2)/2)/2,c*cT*(r1*r2/2 + r1*(1 - r2)/2 + r2*(1 - r1)/2 + (1 - r1)*(1 - r2)/2)/2 + c*(1 - cT)*(r1*r2/2 + r2*(1 - r1)/2)/2,0,0,0,0,0,0,(1 - c)*(1 - cT)*(r1*(1 - r2)/2 + (1 - r1)*(1 - r2)/2)/2,cT*(1 - c)*(r1*r2/2 + r1*(1 - r2)/2 + r2*(1 - r1)/2 + (1 - r1)*(1 - r2)/2)/2 + (1 - c)*(1 - cT)*(r1*r2/2 + r2*(1 - r1)/2)/2,c*(1 - cT)*(r1*r2/2 + r2*(1 - r1)/2)/2 + (1 - c)*(1 - cT)*(r1*r2/2 + r2*(1 - r1)/2)/2,c*cT*(r1*r2/2 + r1*(1 - r2)/2 + r2*(1 - r1)/2 + (1 - r1)*(1 - r2)/2)/2 + c*(1 - cT)*(r1*(1 - r2)/2 + (1 - r1)*(1 - r2)/2)/2 + cT*(1 - c)*(r1*r2/2 + r1*(1 - r2)/2 + r2*(1 - r1)/2 + (1 - r1)*(1 - r2)/2)/2 + (1 - c)*(1 - cT)*(r1*(1 - r2)/2 + (1 - r1)*(1 - r2)/2)/2,c*(1 - cT)*(r1*(1 - r2)/2 + (1 - r1)*(1 - r2)/2)/2,c*cT*(r1*r2/2 + r1*(1 - r2)/2 + r2*(1 - r1)/2 + (1 - r1)*(1 - r2)/2)/2 + c*(1 - cT)*(r1*r2/2 + r2*(1 - r1)/2)/2
"BWW,BRW",0,0,0,0,0,0,r1*r2/4 + r1*(1 - r2)/4 + r2*(1 - r1)/4 + (1 - r1)*(1 - r2)/4,0,0,0,r1*r2/4 + r1*(1 - r2)/4 + r2*(1 - r1)/4 + (1 - r1)*(1 - r2)/4,0,0,0,0,0,0,0,r1*r2/4 + r1*(1 - r2)/4 + r2*(1 - r1)/4 + (1 - r1)*(1 - r2)/4,0,0,0,r1*r2/4 + r1*(1 - r2)/4 + r2*(1 - r1)/4 + (1 - r1)*(1 - r2)/4,0
"BWW,BRT",0,0,0,0,0,0,r1*(1 - r2)/4 + (1 - r1)*(1 - r2)/4,r1*r2/4 + r2*(1 - r1)/4,0,0,r1*r2/4 + r2*(1 - r1)/4,r1*(1 - r2)/4 + (1 - r1)*(1 - r2)/4,0,0,0,0,0,0,r1*(1 - r2)/4 + (1 - r1)*(1 - r2)/4,r1*r2/4 + r2*(1 - r1)/4,0,0,r1*r2/4 + r2*(1 - r1)/4,r1*(1 - r2)/4 + (1 - r1)*(1 - r2)/4
"BWT,BWT",0,0,0,0,0,0,0,r1*r2/2 + r1*(1 - r2)/2 + r2*(1 - r1)/2 + (1 - r1)*(1 - r2)/2,0,0,0,0,0,0,0,0,0,0,0,r1*r2/2 + r1*(1 - r2)/2 + r2*(1 - r1)/2 + (1 - r1)*(1 - r2)/2,0,0,0,0
"BWT,BGW",0,0,0,0,0,0,(1 - c)*(1 - cT)*(r1*r2/2 + r2*(1 - r1)/2)/2,cT*(1 - c)*(r1*r2/2 + r1*(1 - r2)/2 + r2*(1 - r1)/2 + (1 - r1)*(1 - r2)/2)/2 + (1 - c)*(1 - cT)*(r1*(1 - r2)/2 + (1 - r1)*(1 - r2)/2)/2,c*(1 - cT)*(r1*(1 - r2)/2 + (1 - r1)*(1 - r2)/2)/2 + (1 - c)*(1 - cT)*(r1*(1 - r2)/2 + (1 - r1)*(1 - r2)/2)/2,c*cT*(r1*r2/2 + r1*(1 - r2)/2 + r2*(1 - r1)/2 + (1 - r1)*(1 - r2)/2)/2 + c*(1 - cT)*(r1*r2/2 + r2*(1 - r1)/2)/2 + cT*(1 - c)*(r1*r2/2 + r1*(1 - r2)/2 + r2*(1 - r1)/2 + (1 - r1)*(1 - r2)/2)/2 + (1 - c)*(1 - cT)*(r1*r2/2 + r2*(1 - r1)/2)/2,c*(1 - cT)*(r1*r2/2 + r2*(1 - r1)/2)/2,c*cT*(r1*r2/2 + r1*(1 - r2)/2 + r2*(1 - r1)/2 + (1 - r1)*(1 - r2)/2)/2 + c*(1 - cT)*(r1*(1 - r2)/2 + (1 - r1)*(1 - r2)/2)/2,0,0,0,0,0,0,(1 - c)*(1 - cT)*(r1*r2/2 + r2*(1 - r1)/2)/2,cT*(1 - c)*(r1*r2/2 + r1*(1 - r2)/2 + r2*(1 - r1)/2 + (1 - r1)*(1 - r2)/2)/2 + (1 - c)*(1 - cT)*(r1*(1 - r2)/2 + (1 - r1)*(1 - r2)/2)/2,c*(1 - cT)*(r1*(1 - r2)/2 + (1 - r1)*(1 - r2)/2)/2 + (1 - c)*(1 - cT)*(r1*(1 - r2)/2 + (1 - r1)*(1 - r2)/2)/2,c*cT*(r1*r2/2 + r1*(1 - r2)/2 + r2*(1 - r1)/2 + (1 - r1)*(1 - r2)/2)/2 + c*(1 - cT)*(r1*r2/2 + r2*(1 - r1)/2)/2 + cT*(1 - c)*(r1*r2/2 + r1*(1 - r2)/2 + r2*(1 - r1)/2 + (1 - r1)*(1 - r2)/2)/2 + (1 - c)*(1 - cT)*(r1*r2/2 + r2*(1 - r1)/2)/2,c*(1 - cT)*(r1*r2/2 + r2*(1 - r1)/2)/2,c*cT*(r1*r2/2 + r1*(1 - r2)/2 + r2*(1 - r1)/2 + (1 - r1)*(1 - r2)/2)/2 + c*(1 - cT)*(r1*(1 - r2)/2 + (1 - r1)*(1 - r2)/2)/2
"BWT,BGT",0,0,0,0,0,0,0,(1 - c)*(r1*r2/2 + r1*(1 - r2)/2 + r2*(1 - r1)/2 + (1 - r1)*(1 - r2)/2)/2,0,c*(r1*r2/2 + r1*(1 - r2)/2 + r2*(1 - r1)/2 + (1 - r1)*(1 - r2)/2)/2 + (1 - c)*(r1*r2/2 + r1*(1 - r2)/2 + r2*(1 - r1)/2 + (1 - r1)*(1 - r2)/2)/2,0,c*(r1*r2/2 + r1*(1 - r2)/2 + r2*(1 - r1)/2 + (1 - r1)*(1 - r2)/2)/2,0,0,0,0,0,0,0,(1 - c)*(r1*r2/2 + r1*(1 - r2)/2 + r2*(1 - r1)/2 + (1 - r1)*(1 - r2)/2)/2,0,c*(r1*r2/2 + r1*(1 - r2)/2 + r2*(1 - r1)/2 + (1 - r1)*(1 - r2)/2)/2 + (1 - c)*(r1*r2/2 + r1*(1 - r2)/2 + r2*(1 - r1)/2 + (1 - r1)*(1 - r2)/2)/2,0,c*(r1*r2/2 + r1*(1 - r2)/2 + r2*(1 - r1)/2 + (1 - r1)*(1 - r2)/2)/2
"BWT,BRW",0,0,0,0,0,0,r1*r2/4 + r2*(1 - r1)/4,r1*(1 - r2)/4 + (1 - r1)*(1 - r2)/4,0,0,r1*(1 - r2)/4 + (1 - r1)*(1 - r2)/4,r1*r2/4 + r2*(1 - r1)/4,0,0,0,0,0,0,r1*r2/4 + r2*(1 - r1)/4,r1*(1 - r2)/4 + (1 - r1)*(1 - r2)/4,0,0,r1*(1 - r2)/4 + (1 - r1)*(1 - r2)/4,r1*r2/4 + r2*(1 - r1)/4
"BWT,BRT",0,0,0,0,0,0,0,r1*r2/4 + r1*(1 - r2)/4 + r2*(1 - r1)/4 + (1 - r1)*(1 - r2)/4,0,0,0,r1*r2/4 + r1*(1 - r2)/4 + r2*(1 - r1)/4 + (1 - r1)*(1 - r2)/4,0,0,0,0,0,0,0,r1*r2/4 + r1*(1 - r2)/4 + r2*(1 - r1)/4 + (1 - r1)*(1 - r2)/4,0,0,0,r1*r2/4 + r1*(1 - r2)/4 + r2*(1 - r1)/4 + (1 - r1)*(1 - r2)/4
"BGW,BGW",0,0,0,0,0,0,0,0,cT*(1 - cT)*(r1*r2/2 + r1*(1 - r2)/2 + r2*(1 - r1)/2 + (1 - r1)*(1 - r2)/2) + (1 - cT)^2*(r1*r2 + r1*(1 - r2) + r2*(1 - r1) + (1 - r1)*(1 - r2))/2,cT^2*(r1*r2 + r1*(1 - r2) + r2*(1 - r1) + (1 - r1)*(1 - r2))/2 + cT*(1 - cT)*(r1*r2/2 + r1*(1 - r2)/2 + r2*(1 - r1)/2 + (1 - r1)*(1 - r2)/2),0,0,0,0,0,0,0,0,0,0,cT*(1 - cT)*(r1*r2/2 + r1*(1 - r2)/2 + r2*(1 - r1)/2 + (1 - r1)*(1 - r2)/2) + (1 - cT)^2*(r1*r2 + r1*(1 - r2) + r2*(1 - r1) + (1 - r1)*(1 - r2))/2,cT^2*(r1*r2 + r1*(1 - r2) + r2*(1 - r1) + (1 - r1)*(1 - r2))/2 + cT*(1 - cT)*(r1*r2/2 + r1*(1 - r2)/2 + r2*(1 - r1)/2 + (1 - r1)*(1 - r2)/2),0,0
"BGW,BGT",0,0,0,0,0,0,0,0,(1 - cT)*(r1*r2/2 + r1*(1 - r2)/2 + r2*(1 - r1)/2 + (1 - r1)*(1 - r2)/2)/2,cT*(r1*r2 + r1*(1 - r2) + r2*(1 - r1) + (1 - r1)*(1 - r2))/2 + (1 - cT)*(r1*r2/2 + r1*(1 - r2)/2 + r2*(1 - r1)/2 + (1 - r1)*(1 - r2)/2)/2,0,0,0,0,0,0,0,0,0,0,(1 - cT)*(r1*r2/2 + r1*(1 - r2)/2 + r2*(1 - r1)/2 + (1 - r1)*(1 - r2)/2)/2,cT*(r1*r2 + r1*(1 - r2) + r2*(1 - r1) + (1 - r1)*(1 - r2))/2 + (1 - cT)*(r1*r2/2 + r1*(1 - r2)/2 + r2*(1 - r1)/2 + (1 - r1)*(1 - r2)/2)/2,0,0
"BGW,BRW",0,0,0,0,0,0,0,0,cT*(1 - cT)*(r1*r2/2 + r2*(1 - r1)/2)/2 + cT*(1 - cT)*(r1*(1 - r2)/2 + (1 - r1)*(1 - r2)/2)/2 + (1 - cT)^2*(r1*r2/2 + r1*(1 - r2)/2 + r2*(1 - r1)/2 + (1 - r1)*(1 - r2)/2)/2,cT^2*(r1*r2/2 + r1*(1 - r2)/2 + r2*(1 - r1)/2 + (1 - r1)*(1 - r2)/2)/2 + cT*(1 - cT)*(r1*r2/2 + r2*(1 - r1)/2)/2 + cT*(1 - cT)*(r1*(1 - r2)/2 + (1 - r1)*(1 - r2)/2)/2,cT*(1 - cT)*(r1*r2/2 + r2*(1 - r1)/2)/2 + cT*(1 - cT)*(r1*(1 - r2)/2 + (1 - r1)*(1 - r2)/2)/2 + (1 - cT)^2*(r1*r2/2 + r1*(1 - r2)/2 + r2*(1 - r1)/2 + (1 - r1)*(1 - r2)/2)/2,cT^2*(r1*r2/2 + r1*(1 - r2)/2 + r2*(1 - r1)/2 + (1 - r1)*(1 - r2)/2)/2 + cT*(1 - cT)*(r1*r2/2 + r2*(1 - r1)/2)/2 + cT*(1 - cT)*(r1*(1 - r2)/2 + (1 - r1)*(1 - r2)/2)/2,0,0,0,0,0,0,0,0,cT*(1 - cT)*(r1*r2/2 + r2*(1 - r1)/2)/2 + cT*(1 - cT)*(r1*(1 - r2)/2 + (1 - r1)*(1 - r2)/2)/2 + (1 - cT)^2*(r1*r2/2 + r1*(1 - r2)/2 + r2*(1 - r1)/2 + (1 - r1)*(1 - r2)/2)/2,cT^2*(r1*r2/2 + r1*(1 - r2)/2 + r2*(1 - r1)/2 + (1 - r1)*(1 - r2)/2)/2 + cT*(1 - cT)*(r1*r2/2 + r2*(1 - r1)/2)/2 + cT*(1 - cT)*(r1*(1 - r2)/2 + (1 - r1)*(1 - r2)/2)/2,cT*(1 - cT)*(r1*r2/2 + r2*(1 - r1)/2)/2 + cT*(1 - cT)*(r1*(1 - r2)/2 + (1 - r1)*(1 - r2)/2)/2 + (1 - cT)^2*(r1*r2/2 + r1*(1 - r2)/2 + r2*(1 - r1)/2 + (1 - r1)*(1 - r2)/2)/2,cT^2*(r1*r2/2 + r1*(1 - r2)/2 + r2*(1 - r1)/2 + (1 - r1)*(1 - r2)/2)/2 + cT*(1 - cT)*(r1*r2/2 + r2*(1 - r1)/2)/2 + cT*(1 - cT)*(r1*(1 - r2)/2 + (1 - r1)*(1 - r2)/2)/2
"BGW,BRT",0,0,0,0,0,0,0,0,(1 - cT)*(r1*(1 - r2)/2 + (1 - r1)*(1 - r2)/2)/2,cT*(r1*r2/2 + r1*(1 - r2)/2 + r2*(1 - r1)/2 + (1 - r1)*(1 - r2)/2)/2 + (1 - cT)*(r1*r2/2 + r2*(1 - r1)/2)/2,(1 - cT)*(r1*r2/2 + r2*(1 - r1)/2)/2,cT*(r1*r2/2 + r1*(1 - r2)/2 + r2*(1 - r1)/2 + (1 - r1)*(1 - r2)/2)/2 + (1 - cT)*(r1*(1 - r2)/2 + (1 - r1)*(1 - r2)/2)/2,0,0,0,0,0,0,0,0,(1 - cT)*(r1*(1 - r2)/2 + (1 - r1)*(1 - r2)/2)/2,cT*(r1*r2/2 + r1*(1 - r2)/2 + r2*(1 - r1)/2 + (1 - r1)*(1 - r2)/2)/2 + (1 - cT)*(r1*r2/2 + r2*(1 - r1)/2)/2,(1 - cT)*(r1*r2/2 + r2*(1 - r1)/2)/2,cT*(r1*r2/2 + r1*(1 - r2)/2 + r2*(1 - r1)/2 + (1 - r1)*(1 - r2)/2)/2 + (1 - cT)*(r1*(1 - r2)/2 + (1 - r1)*(1 - r2)/2)/2
"BGT,BGT",0,0,0,0,0,0,0,0,0,r1*r2/2 + r1*(1 - r2)/2 + r2*(1 - r1)/2 + (1 - r1)*(1 - r2)/2,0,0,0,0,0,0,0,0,0,0,0,r1*r2/2 + r1*(1 - r2)/2 + r2*(1 - r1)/2 + (1 - r1)*(1 - r2)/2,0,0
"BGT,BRW",0,0,0,0,0,0,0,0,(1 - cT)*(r1*r2/2 + r2*(1 - r1)/2)/2,cT*(r1*r2/2 + r1*(1 - r2)/2 + r2*(1 - r1)/2 + (1 - r1)*(1 - r2)/2)/2 + (1 - cT)*(r1*(1 - r2)/2 + (1 - r1)*(1 - r2)/2)/2,(1 - cT)*(r1*(1 - r2)/2 + (1 - r1)*(1 - r2)/2)/2,cT*(r1*r2/2 + r1*(1 - r2)/2 + r2*(1 - r1)/2 + (1 - r1)*(1 - r2)/2)/2 + (1 - cT)*(r1*r2/2 + r2*(1 - r1)/2)/2,0,0,0,0,0,0,0,0,(1 - cT)*(r1*r2/2 + r2*(1 - r1)/2)/2,cT*(r1*r2/2 + r1*(1 - r2)/2 + r2*(1 - r1)/2 + (1 - r1)*(1 - r2)/2)/2 + (1 - cT)*(r1*(1 - r2)/2 + (1 - r1)*(1 - r2)/2)/2,(1 - cT)*(r1*(1 - r2)/2 + (1 - r1)*(1 - r2)/2)/2,cT*(r1*r2/2 + r1*(1 - r2)/2 + r2*(1 - r1)/2 + (1 - r1)*(1 - r2)/2)/2 + (1 - cT)*(r1*r2/2 + r2*(1 - r1)/2)/2
"BGT,BRT",0,0,0,0,0,0,0,0,0,r1*r2/4 + r1*(1 - r2)/4 + r2*(1 - r1)/4 + (1 - r1)*(1 - r2)/4,0,r1*r2/4 + r1*(1 - r2)/4 + r2*(1 - r1)/4 + (1 - r1)*(1 - r2)/4,0,0,0,0,0,0,0,0,0,r1*r2/4 + r1*(1 - r2)/4 + r2*(1 - r1)/4 + (1 - r1)*(1 - r2)/4,0,r1*r2/4 + r1*(1 - r2)/4 + r2*(1 - r1)/4 + (1 - r1)*(1 - r2)/4
"BRW,BRW",0,0,0,0,0,0,0,0,0,0,r1*r2/2 + r1*(1 - r2)/2 + r2*(1 - r1)/2 + (1 - r1)*(1 - r2)/2,0,0,0,0,0,0,0,0,0,0,0,r1*r2/2 + r1*(1 - r2)/2 + r2*(1 - r1)/2 + (1 - r1)*(1 - r2)/2,0
"BRW,BRT",0,0,0,0,0,0,0,0,0,0,r1*r2/4 + r1*(1 - r2)/4 + r2*(1 - r1)/4 + (1 - r1)*(1 - r2)/4,r1*r2/4 + r1*(1 - r2)/4 + r2*(1 - r1)/4 + (1 - r1)*(1 - r2)/4,0,0,0,0,0,0,0,0,0,0,r1*r2/4 + r1*(1 - r2)/4 + r2*(1 - r1)/4 + (1 - r1)*(1 - r2)/4,r1*r2/4 + r1*(1 - r2)/4 + r2*(1 - r1)/4 + (1 - r1)*(1 - r2)/4
"BRT,BRT",0,0,0,0,0,0,0,0,0,0,0,r1*r2/2 + r1*(1 - r2)/2 + r2*(1 - r1)/2 + (1 - r1)*(1 - r2)/2,0,0,0,0,0,0,0,0,0,0,0,r1*r2/2 + r1*(1 - r2)/2 + r2*(1 - r1)/2 + (1 - r1)*(1 - r2)/2
